{"parent":"item/generated","textures":{"layer0":"item/recovery_compass_00"},"overrides":[{"predicate":{"angle":0.0},"model":"item/recovery_compass"},{"predicate":{"angle":0.109375},"model":"item/recovery_compass_01"},{"predicate":{"angle":0.234375},"model":"item/recovery_compass_02"},{"predicate":{"angle":0.359375},"model":"item/recovery_compass_03"},{"predicate":{"angle":0.484375},"model":"item/recovery_compass_04"},{"predicate":{"angle":0.640625},"model":"item/recovery_compass_05"},{"predicate":{"angle":0.765625},"model":"item/recovery_compass_06"},{"predicate":{"angle":0.890625},"model":"item/recovery_compass_07"},{"predicate":{"angle":0.984375},"model":"item/recovery_compass"}]}