{
    "parent": "block/cube_all",
    "textures": {
        "all": "#all",
        "all_e": "#all_e"
    },
	"elements":[
		{
			"from":[0,0,0],"to":[16,16,16],
			"faces":{
				"up":{"uv":[0,0,16,16],"texture":"#all","cullface":"up"},
				"down":{"uv":[0,0,16,16],"texture":"#all","cullface":"down"},
				"north":{"uv":[0,0,16,16],"texture":"#all","cullface":"north"},
				"south":{"uv":[0,0,16,16],"texture":"#all","cullface":"south"},
				"west":{"uv":[0,0,16,16],"texture":"#all","cullface":"west"},
				"east":{"uv":[0,0,16,16],"texture":"#all","cullface":"east"}
			}
		},
		{
			"from":[0,0,0],"to":[16,16,16],
			"faces":{
				"up":{"uv":[0,0,16,16],"texture":"#all_e","cullface":"up"},
				"down":{"uv":[0,0,16,16],"texture":"#all_e","cullface":"down"},
				"north":{"uv":[0,0,16,16],"texture":"#all_e","cullface":"north"},
				"south":{"uv":[0,0,16,16],"texture":"#all_e","cullface":"south"},
				"west":{"uv":[0,0,16,16],"texture":"#all_e","cullface":"west"},
				"east":{"uv":[0,0,16,16],"texture":"#all_e","cullface":"east"}
			}
		}
	]
}