{
    "ambientocclusion": false,
    "textures": {
        "particle": "#torch",
        "torch_e":"#torch_e"
    },
    "elements": [
        {   "from": [ 7, 0, 7 ],
            "to": [ 9, 10, 9 ],
            "shade": false,
            "faces": {
                "down": { "uv": [ 7, 13, 9, 15 ], "texture": "#torch" },
                "up":   { "uv": [ 7,  6, 9,  8 ], "texture": "#torch" }
            }
        },
        {   "from": [ 7, 0, 0 ],
            "to": [ 9, 16, 16 ],
            "shade": false,
            "faces": {
                "west": { "uv": [ 0, 0, 16, 16 ], "texture": "#torch" },
                "east": { "uv": [ 0, 0, 16, 16 ], "texture": "#torch" }
            }
        },
        {   "from": [ 0, 0, 7 ],
            "to": [ 16, 16, 9 ],
            "shade": false,
            "faces": {
                "north": { "uv": [ 0, 0, 16, 16 ], "texture": "#torch" },
                "south": { "uv": [ 0, 0, 16, 16 ], "texture": "#torch" }
            }
        },
        {   "from": [ 7, 0, 7 ],
            "to": [ 9, 10, 9 ],
            "shade": false,
            "faces": {
                "down": { "uv": [ 7, 13, 9, 15 ], "texture": "#torch_e" },
                "up":   { "uv": [ 7,  6, 9,  8 ], "texture": "#torch_e" }
            }
        },
        {   "from": [ 7, 0, 0 ],
            "to": [ 9, 16, 16 ],
            "shade": false,
            "faces": {
                "west": { "uv": [ 0, 0, 16, 16 ], "texture": "#torch_e" },
                "east": { "uv": [ 0, 0, 16, 16 ], "texture": "#torch_e" }
            }
        },
        {   "from": [ 0, 0, 7 ],
            "to": [ 16, 16, 9 ],
            "shade": false,
            "faces": {
                "north": { "uv": [ 0, 0, 16, 16 ], "texture": "#torch_e" },
                "south": { "uv": [ 0, 0, 16, 16 ], "texture": "#torch_e" }
            }
        }
    ]
}
