{
  "variants": {
    "": [
      {
        "model": "block/gravel/block/0"
      },
      {
        "model": "block/gravel/block/1"
      },
      {
        "model": "block/gravel/block/2"
      },
      {
        "model": "block/gravel/block/3"
      },
      {
        "model": "block/gravel/block/4"
      },
      {
        "model": "block/gravel/block/5"
      },
      {
        "model": "block/gravel/block/6"
      },
      {
        "model": "block/gravel/block/7"
      },
      {
        "model": "block/gravel/block/8"
      },
      {
        "model": "block/gravel/block/9"
      },
      {
        "model": "block/gravel/block/10"
      },
      {
        "model": "block/gravel/block/11"
      },
      {
        "model": "block/gravel/block/12"
      },
      {
        "model": "block/gravel/block/13"
      },
      {
        "model": "block/gravel/block/14"
      },
      {
        "model": "block/gravel/block/15"
      }
    ]
  }
}