{
  "variants": {
    "facing=east": [ {
      "model": "minecraft:block/lectern",
      "y": 90
    },
	{
      "model": "minecraft:block/lectern/1",
      "y": 90
    },
	{
      "model": "minecraft:block/lectern/2",
      "y": 90
    },
	{
      "model": "minecraft:block/lectern/3",
      "y": 90
    },
	{
      "model": "minecraft:block/lectern/4",
      "y": 90
    }  
	],
    "facing=north": [ {
      "model": "minecraft:block/lectern"
    },
	{
      "model": "minecraft:block/lectern/1"
    },
	{
      "model": "minecraft:block/lectern/2"
    },
	{
      "model": "minecraft:block/lectern/3"
    },
	{
      "model": "minecraft:block/lectern/4"
    }  
	],
    "facing=south": [ {
      "model": "minecraft:block/lectern",
      "y": 180
    },
	{
      "model": "minecraft:block/lectern/1",
      "y": 180
    },
	{
      "model": "minecraft:block/lectern/2",
      "y": 180
    },
	{
      "model": "minecraft:block/lectern/3",
      "y": 180
    },
	{
      "model": "minecraft:block/lectern/4",
      "y": 180
    }  
	],
    "facing=west": [ {
      "model": "minecraft:block/lectern",
      "y": 270
    },
	{
      "model": "minecraft:block/lectern/1",
      "y": 270
    },
	{
      "model": "minecraft:block/lectern/2",
      "y": 270
    },
	{
      "model": "minecraft:block/lectern/3",
      "y": 270
    },
	{
      "model": "minecraft:block/lectern/4",
      "y": 270
    }  ]
  }
}