{
  "variants": {
    "": [
      {
        "model": "block/mycelium_top/block/0"
      },
      {
        "model": "block/mycelium_top/block/1"
      },
      {
        "model": "block/mycelium_top/block/2"
      },
      {
        "model": "block/mycelium_top/block/3"
      },
      {
        "model": "block/mycelium_top/block/4"
      },
      {
        "model": "block/mycelium_top/block/5"
      },
      {
        "model": "block/mycelium_top/block/6"
      },
      {
        "model": "block/mycelium_top/block/7"
      },
      {
        "model": "block/mycelium_top/block/8"
      },
      {
        "model": "block/mycelium_top/block/9"
      },
      {
        "model": "block/mycelium_top/block/10"
      },
      {
        "model": "block/mycelium_top/block/11"
      },
      {
        "model": "block/mycelium_top/block/12"
      },
      {
        "model": "block/mycelium_top/block/13"
      },
      {
        "model": "block/mycelium_top/block/14"
      },
      {
        "model": "block/mycelium_top/block/15"
      }
    ]
  }
}