{
    "variants": {
        "": [ { "model": "block/netherrack", "weight":500 }
,{ "model": "block/netherrack/4", "weight":500 }
,{ "model": "block/netherrack/5", "weight":500 }
,{ "model": "block/netherrack/6", "weight":500 }
,{ "model": "block/netherrack/7", "weight":500 }
,{ "model": "block/netherrack/8", "weight":500 }
,{ "model": "block/netherrack/9", "weight":500 }
,{ "model": "block/netherrack/10", "weight":500 }
,{ "model": "block/netherrack/0", "weight":4 }
,{ "model": "block/netherrack/1", "weight":4 }
,{ "model": "block/netherrack/2", "weight":4 }
,{ "model": "block/netherrack/3", "weight":4 }
,{ "model": "block/netherrack", "weight":500, "y": 90  }
,{ "model": "block/netherrack/4", "weight":500, "y": 90  }
,{ "model": "block/netherrack/5", "weight":500, "y": 90  }
,{ "model": "block/netherrack/6", "weight":500, "y": 90  }
,{ "model": "block/netherrack/7", "weight":500, "y": 90  }
,{ "model": "block/netherrack/8", "weight":500, "y": 90  }
,{ "model": "block/netherrack/9", "weight":500, "y": 90  }
,{ "model": "block/netherrack/10", "weight":500, "y": 90  }
,{ "model": "block/netherrack", "weight":500, "y": 180 }
,{ "model": "block/netherrack/4", "weight":500, "y": 180 }
,{ "model": "block/netherrack/5", "weight":500, "y": 180 }
,{ "model": "block/netherrack/6", "weight":500, "y": 180 }
,{ "model": "block/netherrack/7", "weight":500, "y": 180 }
,{ "model": "block/netherrack/8", "weight":500, "y": 180 }
,{ "model": "block/netherrack/9", "weight":500, "y": 180 }
,{ "model": "block/netherrack/10", "weight":500, "y": 180 }
,{ "model": "block/netherrack", "weight":500, "y": 270 }
,{ "model": "block/netherrack/4", "weight":500, "y": 270 }
,{ "model": "block/netherrack/5", "weight":500, "y": 270 }
,{ "model": "block/netherrack/6", "weight":500, "y": 270 }
,{ "model": "block/netherrack/7", "weight":500, "y": 270 }
,{ "model": "block/netherrack/8", "weight":500, "y": 270 }
,{ "model": "block/netherrack/9", "weight":500, "y": 270 }
,{ "model": "block/netherrack/10", "weight":500, "y": 270 }
 ]   }
}