{
    "variants": {
        "": [
            { "model": "block/sand", "weight":500 },
            { "model": "block/sand", "y": 90, "weight":1 },
            { "model": "block/sand", "y": 180, "weight":1 },
            { "model": "block/sand", "y": 270, "weight":1 },
            { "model": "block/sand/0", "weight":1 },
            { "model": "block/sand/0", "y": 90, "weight":1 },
            { "model": "block/sand/0", "y": 180, "weight":1 },
            { "model": "block/sand/0", "y": 270, "weight":1 },
            { "model": "block/sand/1", "weight":1 },
            { "model": "block/sand/1", "y": 90, "weight":1 },
            { "model": "block/sand/1", "y": 180, "weight":1 },
            { "model": "block/sand/1", "y": 270, "weight":1 },
            { "model": "block/sand/2", "weight":1 },
            { "model": "block/sand/2", "y": 90, "weight":1 },
            { "model": "block/sand/2", "y": 180, "weight":1 },
            { "model": "block/sand/2", "y": 270, "weight":1 },
            { "model": "block/sand/3", "weight":1 },
            { "model": "block/sand/3", "y": 90, "weight":1 },
            { "model": "block/sand/3", "y": 180, "weight":1 },
            { "model": "block/sand/3", "y": 270, "weight":1 },
            { "model": "block/sand/4", "weight":1 },
            { "model": "block/sand/4", "y": 90, "weight":1 },
            { "model": "block/sand/4", "y": 180, "weight":1 },
            { "model": "block/sand/4", "y": 270, "weight":1 },
            { "model": "block/sand/5", "weight":1 },
            { "model": "block/sand/5", "y": 90, "weight":1 },
            { "model": "block/sand/5", "y": 180, "weight":1 },
            { "model": "block/sand/5", "y": 270, "weight":1 }
        ]
    }
}
