{
    "variants": {
        "": [ { "model": "block/mushroom/warped_fungus_0", "weight":5 }
,{ "model": "block/mushroom/warped_fungus_0", "weight":5, "y": 90 }
,{ "model": "block/mushroom/warped_fungus_0", "weight":5, "y": 180 }
,{ "model": "block/mushroom/warped_fungus_0", "weight":5, "y": 270 }
,{ "model": "block/mushroom/warped_fungus_1", "weight":5 }
,{ "model": "block/mushroom/warped_fungus_1", "weight":5, "y": 90 }
,{ "model": "block/mushroom/warped_fungus_1", "weight":5, "y": 180 }
,{ "model": "block/mushroom/warped_fungus_1", "weight":5, "y": 270 }
,{ "model": "block/mushroom/warped_fungus_2", "weight":5 }
,{ "model": "block/mushroom/warped_fungus_2", "weight":5, "y": 90 }
,{ "model": "block/mushroom/warped_fungus_2", "weight":5, "y": 180 }
,{ "model": "block/mushroom/warped_fungus_3", "weight":5, "y": 270 }
,{ "model": "block/mushroom/warped_fungus_2", "weight":5 }
,{ "model": "block/mushroom/warped_fungus_3", "weight":5, "y": 90 }
,{ "model": "block/mushroom/warped_fungus_3", "weight":5, "y": 180 }
,{ "model": "block/mushroom/warped_fungus_3", "weight":5, "y": 270 }
 ]   }
}
