{
    "parent": "item/goat_horn",
    "textures": {
        "layer0": "item/goat_horn_model"
    },
    "display": {
        "thirdperson_righthand": {
            "rotation": [ 0, -125, 0 ],
            "translation": [ -1, 3, 2 ],
            "scale": [ 0.75, 0.75, 0.75 ]
        },
        "thirdperson_lefthand": {
            "rotation": [ 0, 55, 0 ],
            "translation": [ -1, 3, 2 ],
            "scale": [ 0.75, 0.75, 0.75 ]
        },
        "firstperson_righthand": {
            "rotation": [0, -65, -15],
            "translation": [ -1, -2.5, -10 ]
        },
        "firstperson_lefthand": {
            "rotation": [ 0, 115, 15 ],
            "translation": [ 0  , -2.5, -10 ]
        }
    }
}
