{
  "variants": {
		"axis=x":	[
					{ "model": "block/variated/birch_log/birch_log_0", "weight":100, "x": 90, "y": 90 },
					{ "model": "block/variated/birch_log/birch_log_1", "weight":10,  "x": 90, "y": 90 },
					{ "model": "block/variated/birch_log/birch_log_2", "weight":100, "x": 90, "y": 90 },
					{ "model": "block/variated/birch_log/birch_log_3", "weight":100, "x": 90, "y": 90 },
					{ "model": "block/variated/birch_log/birch_log_4", "weight":100, "x": 90, "y": 90 },
					{ "model": "block/variated/birch_log/birch_log_5", "weight":10,  "x": 90, "y": 90 }
	],
		"axis=y":	[
					{ "model": "block/variated/birch_log/birch_log_0", "weight":100 },
					{ "model": "block/variated/birch_log/birch_log_1", "weight":10  },
					{ "model": "block/variated/birch_log/birch_log_2", "weight":100 },
					{ "model": "block/variated/birch_log/birch_log_3", "weight":100 },
					{ "model": "block/variated/birch_log/birch_log_4", "weight":100 },
					{ "model": "block/variated/birch_log/birch_log_5", "weight":10  }
	],
		"axis=z": 	[
					{ "model": "block/variated/birch_log/birch_log_0", "weight":100, "x": 90 },
					{ "model": "block/variated/birch_log/birch_log_1", "weight":10,  "x": 90 },
					{ "model": "block/variated/birch_log/birch_log_2", "weight":100, "x": 90 },
					{ "model": "block/variated/birch_log/birch_log_3", "weight":100, "x": 90 },
					{ "model": "block/variated/birch_log/birch_log_4", "weight":100, "x": 90 },
					{ "model": "block/variated/birch_log/birch_log_5", "weight":10,  "x": 90 }
	]
  }
}