{
  "variants": {
	"facing=north": [
		{ "model": "block/carved_pumpkin" },
		{ "model": "block/variated/carved_pumpkin/carved_pumpkin_1" },
		{ "model": "block/variated/carved_pumpkin/carved_pumpkin_2" }
	],
    "facing=east": [
		{ "model": "block/carved_pumpkin", "y": 90 },
		{ "model": "block/variated/carved_pumpkin/carved_pumpkin_1", "y": 90 },
		{ "model": "block/variated/carved_pumpkin/carved_pumpkin_2", "y": 90 }
	],
    "facing=south": [
		{ "model": "block/carved_pumpkin", "y": 180 },
		{ "model": "block/variated/carved_pumpkin/carved_pumpkin_1", "y": 180 },
		{ "model": "block/variated/carved_pumpkin/carved_pumpkin_2", "y": 180 }
	],
    "facing=west": [
		{ "model": "block/carved_pumpkin", "y": 270 },
		{ "model": "block/variated/carved_pumpkin/carved_pumpkin_1", "y": 270 },
		{ "model": "block/variated/carved_pumpkin/carved_pumpkin_2", "y": 270 }
	]
  }
}