{
    "variants": {
        "": [
            { "model": "block/coarse_dirt", "weight": 10 },
			{ "model": "block/variated/coarse_dirt/coarse_dirt_0_mirrored", "weight": 10 },
			{ "model": "block/variated/coarse_dirt/coarse_dirt_1", "weight": 10 },
			{ "model": "block/variated/coarse_dirt/coarse_dirt_1_mirrored", "weight": 10 },
			{ "model": "block/variated/coarse_dirt/coarse_dirt_2", "weight": 10 },
			{ "model": "block/variated/coarse_dirt/coarse_dirt_2_mirrored", "weight": 10 },
			{ "model": "block/variated/coarse_dirt/coarse_dirt_3", "weight": 1 },
			{ "model": "block/variated/coarse_dirt/coarse_dirt_3_mirrored", "weight": 1 },
			{ "model": "block/variated/coarse_dirt/coarse_dirt_4", "weight": 1 },
			{ "model": "block/variated/coarse_dirt/coarse_dirt_4_mirrored", "weight": 1 },
            { "model": "block/variated/coarse_dirt/coarse_dirt_5", "weight": 10 },
			{ "model": "block/variated/coarse_dirt/coarse_dirt_5_mirrored", "weight": 10 }
        ]
    }
}
