{
  "variants": {
    "": [
      { "model": "block/cobblestone" },
      { "model": "block/variated/cobblestone/cobblestone_1" },
      { "model": "block/variated/cobblestone/cobblestone_2" },
      { "model": "block/variated/cobblestone/cobblestone_3" },
      { "model": "block/variated/cobblestone/cobblestone_4" },
      { "model": "block/variated/cobblestone/cobblestone_5" },
      { "model": "block/variated/cobblestone/cobblestone_6" },
      { "model": "block/variated/cobblestone/cobblestone_7" }
    ]
  }
}