{
  "variants": {
    
	"facing=east,half=bottom,shape=straight": [
	  {"model":"block/variated/dark_prismarine/dark_prismarine_stairs_0", "weight":100},
	  {"model":"block/variated/dark_prismarine/dark_prismarine_stairs_1", "weight":50 },
	  {"model":"block/variated/dark_prismarine/dark_prismarine_stairs_2", "weight":50 },
	  {"model":"block/variated/dark_prismarine/dark_prismarine_stairs_3", "weight":50 } ],
	
	"facing=west,half=bottom,shape=straight": [
	  {"model":"block/variated/dark_prismarine/dark_prismarine_stairs_0", "weight":100,"y":180,"uvlock":true},
	  {"model":"block/variated/dark_prismarine/dark_prismarine_stairs_1", "weight":50 ,"y":180,"uvlock":true},
	  {"model":"block/variated/dark_prismarine/dark_prismarine_stairs_2", "weight":50 ,"y":180,"uvlock":true},
	  {"model":"block/variated/dark_prismarine/dark_prismarine_stairs_3", "weight":50 ,"y":180,"uvlock":true} ],
	
	"facing=south,half=bottom,shape=straight":[ 
	  {"model":"block/variated/dark_prismarine/dark_prismarine_stairs_0", "weight":100,"y":90,"uvlock":true},
	  {"model":"block/variated/dark_prismarine/dark_prismarine_stairs_1", "weight":50 ,"y":90,"uvlock":true},
	  {"model":"block/variated/dark_prismarine/dark_prismarine_stairs_2", "weight":50 ,"y":90,"uvlock":true},
	  {"model":"block/variated/dark_prismarine/dark_prismarine_stairs_3", "weight":50 ,"y":90,"uvlock":true} ],
	
	"facing=north,half=bottom,shape=straight":[ 
	  {"model":"block/variated/dark_prismarine/dark_prismarine_stairs_0", "weight":100,"y":270,"uvlock":true},
	  {"model":"block/variated/dark_prismarine/dark_prismarine_stairs_1", "weight":50 ,"y":270,"uvlock":true},
	  {"model":"block/variated/dark_prismarine/dark_prismarine_stairs_2", "weight":50 ,"y":270,"uvlock":true},
	  {"model":"block/variated/dark_prismarine/dark_prismarine_stairs_3", "weight":50 ,"y":270,"uvlock":true} ],
	
	"facing=east,half=bottom,shape=outer_right":[ 
	  {"model":"block/variated/dark_prismarine/dark_prismarine_stairs_outer_0", "weight":100},
	  {"model":"block/variated/dark_prismarine/dark_prismarine_stairs_outer_1", "weight":50 },
	  {"model":"block/variated/dark_prismarine/dark_prismarine_stairs_outer_2", "weight":50 },
	  {"model":"block/variated/dark_prismarine/dark_prismarine_stairs_outer_3", "weight":50 } ],
	
	"facing=west,half=bottom,shape=outer_right": [ 
	  {"model":"block/variated/dark_prismarine/dark_prismarine_stairs_outer_0", "weight":100,"y":180,"uvlock":true},
	  {"model":"block/variated/dark_prismarine/dark_prismarine_stairs_outer_1", "weight":50 ,"y":180,"uvlock":true},
	  {"model":"block/variated/dark_prismarine/dark_prismarine_stairs_outer_2", "weight":50 ,"y":180,"uvlock":true},
	  {"model":"block/variated/dark_prismarine/dark_prismarine_stairs_outer_3", "weight":50 ,"y":180,"uvlock":true} ],
	
	"facing=south,half=bottom,shape=outer_right": [
	  {"model":"block/variated/dark_prismarine/dark_prismarine_stairs_outer_0", "weight":100,"y":90,"uvlock":true},
	  {"model":"block/variated/dark_prismarine/dark_prismarine_stairs_outer_1", "weight":50 ,"y":90,"uvlock":true},
	  {"model":"block/variated/dark_prismarine/dark_prismarine_stairs_outer_2", "weight":50 ,"y":90,"uvlock":true},
	  {"model":"block/variated/dark_prismarine/dark_prismarine_stairs_outer_3", "weight":50 ,"y":90,"uvlock":true} ],
	
	"facing=north,half=bottom,shape=outer_right": [
	  {"model":"block/variated/dark_prismarine/dark_prismarine_stairs_outer_0", "weight":100,"y":270,"uvlock":true},
	  {"model":"block/variated/dark_prismarine/dark_prismarine_stairs_outer_1", "weight":50 ,"y":270,"uvlock":true},
	  {"model":"block/variated/dark_prismarine/dark_prismarine_stairs_outer_2", "weight":50 ,"y":270,"uvlock":true},
	  {"model":"block/variated/dark_prismarine/dark_prismarine_stairs_outer_3", "weight":50 ,"y":270,"uvlock":true} ],
	
	"facing=east,half=bottom,shape=outer_left": [
	  {"model":"block/variated/dark_prismarine/dark_prismarine_stairs_outer_0", "weight":100,"y":270,"uvlock":true},
	  {"model":"block/variated/dark_prismarine/dark_prismarine_stairs_outer_1", "weight":50 ,"y":270,"uvlock":true},
	  {"model":"block/variated/dark_prismarine/dark_prismarine_stairs_outer_2", "weight":50 ,"y":270,"uvlock":true},
	  {"model":"block/variated/dark_prismarine/dark_prismarine_stairs_outer_3", "weight":50 ,"y":270,"uvlock":true} ],
	
	"facing=west,half=bottom,shape=outer_left": [
	  {"model":"block/variated/dark_prismarine/dark_prismarine_stairs_outer_0", "weight":100,"y":90,"uvlock":true},
	  {"model":"block/variated/dark_prismarine/dark_prismarine_stairs_outer_1", "weight":50 ,"y":90,"uvlock":true},
	  {"model":"block/variated/dark_prismarine/dark_prismarine_stairs_outer_2", "weight":50 ,"y":90,"uvlock":true},
	  {"model":"block/variated/dark_prismarine/dark_prismarine_stairs_outer_3", "weight":50 ,"y":90,"uvlock":true} ],
	
	"facing=south,half=bottom,shape=outer_left": [
	  {"model":"block/variated/dark_prismarine/dark_prismarine_stairs_outer_0", "weight":100},
	  {"model":"block/variated/dark_prismarine/dark_prismarine_stairs_outer_1", "weight":50 },
	  {"model":"block/variated/dark_prismarine/dark_prismarine_stairs_outer_2", "weight":50 },
	  {"model":"block/variated/dark_prismarine/dark_prismarine_stairs_outer_3", "weight":50 } ],
	
	"facing=north,half=bottom,shape=outer_left": [
	  {"model":"block/variated/dark_prismarine/dark_prismarine_stairs_outer_0", "weight":100,"y":180,"uvlock":true},
	  {"model":"block/variated/dark_prismarine/dark_prismarine_stairs_outer_1", "weight":50 ,"y":180,"uvlock":true},
	  {"model":"block/variated/dark_prismarine/dark_prismarine_stairs_outer_2", "weight":50 ,"y":180,"uvlock":true},
	  {"model":"block/variated/dark_prismarine/dark_prismarine_stairs_outer_3", "weight":50 ,"y":180,"uvlock":true} ],
	
	"facing=east,half=bottom,shape=inner_right": [
	  {"model":"block/variated/dark_prismarine/dark_prismarine_stairs_inner_0", "weight":100},
	  {"model":"block/variated/dark_prismarine/dark_prismarine_stairs_inner_1", "weight":50 },
	  {"model":"block/variated/dark_prismarine/dark_prismarine_stairs_inner_2", "weight":50 },
	  {"model":"block/variated/dark_prismarine/dark_prismarine_stairs_inner_3", "weight":50 } ],
	
	"facing=west,half=bottom,shape=inner_right": [
	  {"model":"block/variated/dark_prismarine/dark_prismarine_stairs_inner_0", "weight":100,"y":180,"uvlock":true},
	  {"model":"block/variated/dark_prismarine/dark_prismarine_stairs_inner_1", "weight":50 ,"y":180,"uvlock":true},
	  {"model":"block/variated/dark_prismarine/dark_prismarine_stairs_inner_2", "weight":50 ,"y":180,"uvlock":true},
	  {"model":"block/variated/dark_prismarine/dark_prismarine_stairs_inner_3", "weight":50 ,"y":180,"uvlock":true} ],
	
	"facing=south,half=bottom,shape=inner_right": [
	  {"model":"block/variated/dark_prismarine/dark_prismarine_stairs_inner_0", "weight":100,"y":90,"uvlock":true},
	  {"model":"block/variated/dark_prismarine/dark_prismarine_stairs_inner_1", "weight":50 ,"y":90,"uvlock":true},
	  {"model":"block/variated/dark_prismarine/dark_prismarine_stairs_inner_2", "weight":50 ,"y":90,"uvlock":true},
	  {"model":"block/variated/dark_prismarine/dark_prismarine_stairs_inner_3", "weight":50 ,"y":90,"uvlock":true} ],
	
	"facing=north,half=bottom,shape=inner_right": [
	  {"model":"block/variated/dark_prismarine/dark_prismarine_stairs_inner_0", "weight":100,"y":270,"uvlock":true},
	  {"model":"block/variated/dark_prismarine/dark_prismarine_stairs_inner_1", "weight":50 ,"y":270,"uvlock":true},
	  {"model":"block/variated/dark_prismarine/dark_prismarine_stairs_inner_2", "weight":50 ,"y":270,"uvlock":true},
	  {"model":"block/variated/dark_prismarine/dark_prismarine_stairs_inner_3", "weight":50 ,"y":270,"uvlock":true} ],
	
	"facing=east,half=bottom,shape=inner_left": [
	  {"model":"block/variated/dark_prismarine/dark_prismarine_stairs_inner_0", "weight":100,"y":270,"uvlock":true},
	  {"model":"block/variated/dark_prismarine/dark_prismarine_stairs_inner_1", "weight":50 ,"y":270,"uvlock":true},
	  {"model":"block/variated/dark_prismarine/dark_prismarine_stairs_inner_2", "weight":50 ,"y":270,"uvlock":true},
	  {"model":"block/variated/dark_prismarine/dark_prismarine_stairs_inner_3", "weight":50 ,"y":270,"uvlock":true} ],
	
	"facing=west,half=bottom,shape=inner_left": [
	  {"model":"block/variated/dark_prismarine/dark_prismarine_stairs_inner_0", "weight":100,"y":90,"uvlock":true},
	  {"model":"block/variated/dark_prismarine/dark_prismarine_stairs_inner_1", "weight":50 ,"y":90,"uvlock":true},
	  {"model":"block/variated/dark_prismarine/dark_prismarine_stairs_inner_2", "weight":50 ,"y":90,"uvlock":true},
	  {"model":"block/variated/dark_prismarine/dark_prismarine_stairs_inner_3", "weight":50 ,"y":90,"uvlock":true} ],
	
	"facing=south,half=bottom,shape=inner_left": [
	  {"model":"block/variated/dark_prismarine/dark_prismarine_stairs_inner_0", "weight":100},
	  {"model":"block/variated/dark_prismarine/dark_prismarine_stairs_inner_1", "weight":50 },
	  {"model":"block/variated/dark_prismarine/dark_prismarine_stairs_inner_2", "weight":50 },
	  {"model":"block/variated/dark_prismarine/dark_prismarine_stairs_inner_3", "weight":50 } ],
	
	"facing=north,half=bottom,shape=inner_left": [
	  {"model":"block/variated/dark_prismarine/dark_prismarine_stairs_inner_0", "weight":100,"y":180,"uvlock":true},
	  {"model":"block/variated/dark_prismarine/dark_prismarine_stairs_inner_1", "weight":50 ,"y":180,"uvlock":true},
	  {"model":"block/variated/dark_prismarine/dark_prismarine_stairs_inner_2", "weight":50 ,"y":180,"uvlock":true},
	  {"model":"block/variated/dark_prismarine/dark_prismarine_stairs_inner_3", "weight":50 ,"y":180,"uvlock":true} ],
	
	"facing=east,half=top,shape=straight": [
	  {"model":"block/variated/dark_prismarine/dark_prismarine_stairs_0", "weight":100,"x":180,"uvlock":true},
	  {"model":"block/variated/dark_prismarine/dark_prismarine_stairs_1", "weight":50 ,"x":180,"uvlock":true},
	  {"model":"block/variated/dark_prismarine/dark_prismarine_stairs_2", "weight":50 ,"x":180,"uvlock":true},
	  {"model":"block/variated/dark_prismarine/dark_prismarine_stairs_3", "weight":50 ,"x":180,"uvlock":true} ],
	
	"facing=west,half=top,shape=straight": [
	  {"model":"block/variated/dark_prismarine/dark_prismarine_stairs_0", "weight":100,"y":180,"uvlock":true,"x":180},
	  {"model":"block/variated/dark_prismarine/dark_prismarine_stairs_1", "weight":50 ,"y":180,"uvlock":true,"x":180},
	  {"model":"block/variated/dark_prismarine/dark_prismarine_stairs_2", "weight":50 ,"y":180,"uvlock":true,"x":180},
	  {"model":"block/variated/dark_prismarine/dark_prismarine_stairs_3", "weight":50 ,"y":180,"uvlock":true,"x":180} ],
	
	"facing=south,half=top,shape=straight": [
	  {"model":"block/variated/dark_prismarine/dark_prismarine_stairs_0", "weight":100,"y":90,"uvlock":true,"x":180},
	  {"model":"block/variated/dark_prismarine/dark_prismarine_stairs_1", "weight":50 ,"y":90,"uvlock":true,"x":180},
	  {"model":"block/variated/dark_prismarine/dark_prismarine_stairs_2", "weight":50 ,"y":90,"uvlock":true,"x":180},
	  {"model":"block/variated/dark_prismarine/dark_prismarine_stairs_3", "weight":50 ,"y":90,"uvlock":true,"x":180} ],
	
	"facing=north,half=top,shape=straight": [
	  {"model":"block/variated/dark_prismarine/dark_prismarine_stairs_0", "weight":100,"y":270,"uvlock":true,"x":180},
	  {"model":"block/variated/dark_prismarine/dark_prismarine_stairs_1", "weight":50 ,"y":270,"uvlock":true,"x":180},
	  {"model":"block/variated/dark_prismarine/dark_prismarine_stairs_2", "weight":50 ,"y":270,"uvlock":true,"x":180},
	  {"model":"block/variated/dark_prismarine/dark_prismarine_stairs_3", "weight":50 ,"y":270,"uvlock":true,"x":180} ],
	
	"facing=east,half=top,shape=outer_right": [
	  {"model":"block/variated/dark_prismarine/dark_prismarine_stairs_outer_0", "weight":100,"y":90,"uvlock":true,"x":180},
	  {"model":"block/variated/dark_prismarine/dark_prismarine_stairs_outer_1", "weight":50 ,"y":90,"uvlock":true,"x":180},
	  {"model":"block/variated/dark_prismarine/dark_prismarine_stairs_outer_2", "weight":50 ,"y":90,"uvlock":true,"x":180},
	  {"model":"block/variated/dark_prismarine/dark_prismarine_stairs_outer_3", "weight":50 ,"y":90,"uvlock":true,"x":180} ],
	
	"facing=west,half=top,shape=outer_right": [
	  {"model":"block/variated/dark_prismarine/dark_prismarine_stairs_outer_0", "weight":100,"y":270,"uvlock":true,"x":180},
	  {"model":"block/variated/dark_prismarine/dark_prismarine_stairs_outer_1", "weight":50 ,"y":270,"uvlock":true,"x":180},
	  {"model":"block/variated/dark_prismarine/dark_prismarine_stairs_outer_2", "weight":50 ,"y":270,"uvlock":true,"x":180},
	  {"model":"block/variated/dark_prismarine/dark_prismarine_stairs_outer_3", "weight":50 ,"y":270,"uvlock":true,"x":180} ],
	
	"facing=south,half=top,shape=outer_right": [
	  {"model":"block/variated/dark_prismarine/dark_prismarine_stairs_outer_0", "weight":100,"y":180,"uvlock":true,"x":180},
	  {"model":"block/variated/dark_prismarine/dark_prismarine_stairs_outer_1", "weight":50 ,"y":180,"uvlock":true,"x":180},
	  {"model":"block/variated/dark_prismarine/dark_prismarine_stairs_outer_2", "weight":50 ,"y":180,"uvlock":true,"x":180},
	  {"model":"block/variated/dark_prismarine/dark_prismarine_stairs_outer_3", "weight":50 ,"y":180,"uvlock":true,"x":180} ],
	
	"facing=north,half=top,shape=outer_right": [
	  {"model":"block/variated/dark_prismarine/dark_prismarine_stairs_outer_0", "weight":100,"x":180,"uvlock":true},
	  {"model":"block/variated/dark_prismarine/dark_prismarine_stairs_outer_1", "weight":50 ,"x":180,"uvlock":true},
	  {"model":"block/variated/dark_prismarine/dark_prismarine_stairs_outer_2", "weight":50 ,"x":180,"uvlock":true},
	  {"model":"block/variated/dark_prismarine/dark_prismarine_stairs_outer_3", "weight":50 ,"x":180,"uvlock":true} ],
	
	"facing=east,half=top,shape=outer_left": [
	  {"model":"block/variated/dark_prismarine/dark_prismarine_stairs_outer_0", "weight":100,"x":180,"uvlock":true},
	  {"model":"block/variated/dark_prismarine/dark_prismarine_stairs_outer_1", "weight":50 ,"x":180,"uvlock":true},
	  {"model":"block/variated/dark_prismarine/dark_prismarine_stairs_outer_2", "weight":50 ,"x":180,"uvlock":true},
	  {"model":"block/variated/dark_prismarine/dark_prismarine_stairs_outer_3", "weight":50 ,"x":180,"uvlock":true} ],
	
	"facing=west,half=top,shape=outer_left": [
	  {"model":"block/variated/dark_prismarine/dark_prismarine_stairs_outer_0", "weight":100,"y":180,"uvlock":true,"x":180},
	  {"model":"block/variated/dark_prismarine/dark_prismarine_stairs_outer_1", "weight":50 ,"y":180,"uvlock":true,"x":180},
	  {"model":"block/variated/dark_prismarine/dark_prismarine_stairs_outer_2", "weight":50 ,"y":180,"uvlock":true,"x":180},
	  {"model":"block/variated/dark_prismarine/dark_prismarine_stairs_outer_3", "weight":50 ,"y":180,"uvlock":true,"x":180} ],
	
	"facing=south,half=top,shape=outer_left": [
	  {"model":"block/variated/dark_prismarine/dark_prismarine_stairs_outer_0", "weight":100,"y":90,"uvlock":true,"x":180},
	  {"model":"block/variated/dark_prismarine/dark_prismarine_stairs_outer_1", "weight":50 ,"y":90,"uvlock":true,"x":180},
	  {"model":"block/variated/dark_prismarine/dark_prismarine_stairs_outer_2", "weight":50 ,"y":90,"uvlock":true,"x":180},
	  {"model":"block/variated/dark_prismarine/dark_prismarine_stairs_outer_3", "weight":50 ,"y":90,"uvlock":true,"x":180} ],
	
	"facing=north,half=top,shape=outer_left": [
	  {"model":"block/variated/dark_prismarine/dark_prismarine_stairs_outer_0", "weight":100,"y":270,"uvlock":true,"x":180},
	  {"model":"block/variated/dark_prismarine/dark_prismarine_stairs_outer_1", "weight":50 ,"y":270,"uvlock":true,"x":180},
	  {"model":"block/variated/dark_prismarine/dark_prismarine_stairs_outer_2", "weight":50 ,"y":270,"uvlock":true,"x":180},
	  {"model":"block/variated/dark_prismarine/dark_prismarine_stairs_outer_3", "weight":50 ,"y":270,"uvlock":true,"x":180} ],
	
	"facing=east,half=top,shape=inner_right": [
	  {"model":"block/variated/dark_prismarine/dark_prismarine_stairs_inner_0", "weight":100,"y":90,"uvlock":true,"x":180},
	  {"model":"block/variated/dark_prismarine/dark_prismarine_stairs_inner_1", "weight":50 ,"y":90,"uvlock":true,"x":180},
	  {"model":"block/variated/dark_prismarine/dark_prismarine_stairs_inner_2", "weight":50 ,"y":90,"uvlock":true,"x":180},
	  {"model":"block/variated/dark_prismarine/dark_prismarine_stairs_inner_3", "weight":50 ,"y":90,"uvlock":true,"x":180} ],
	
	"facing=west,half=top,shape=inner_right": [
	  {"model":"block/variated/dark_prismarine/dark_prismarine_stairs_inner_0", "weight":100,"y":270,"uvlock":true,"x":180},
	  {"model":"block/variated/dark_prismarine/dark_prismarine_stairs_inner_1", "weight":50 ,"y":270,"uvlock":true,"x":180},
	  {"model":"block/variated/dark_prismarine/dark_prismarine_stairs_inner_2", "weight":50 ,"y":270,"uvlock":true,"x":180},
	  {"model":"block/variated/dark_prismarine/dark_prismarine_stairs_inner_3", "weight":50 ,"y":270,"uvlock":true,"x":180} ],
	  
	"facing=south,half=top,shape=inner_right": [
	  {"model":"block/variated/dark_prismarine/dark_prismarine_stairs_inner_0", "weight":100,"y":180,"uvlock":true,"x":180},
	  {"model":"block/variated/dark_prismarine/dark_prismarine_stairs_inner_1", "weight":50 ,"y":180,"uvlock":true,"x":180},
	  {"model":"block/variated/dark_prismarine/dark_prismarine_stairs_inner_2", "weight":50 ,"y":180,"uvlock":true,"x":180},
	  {"model":"block/variated/dark_prismarine/dark_prismarine_stairs_inner_3", "weight":50 ,"y":180,"uvlock":true,"x":180} ],
	  
	"facing=north,half=top,shape=inner_right": [ 
	  {"model":"block/variated/dark_prismarine/dark_prismarine_stairs_inner_0", "weight":100,"x":180,"uvlock":true},
	  {"model":"block/variated/dark_prismarine/dark_prismarine_stairs_inner_1", "weight":50 ,"x":180,"uvlock":true},
	  {"model":"block/variated/dark_prismarine/dark_prismarine_stairs_inner_2", "weight":50 ,"x":180,"uvlock":true},
	  {"model":"block/variated/dark_prismarine/dark_prismarine_stairs_inner_3", "weight":50 ,"x":180,"uvlock":true} ],
	  
	"facing=east,half=top,shape=inner_left": [
	  {"model":"block/variated/dark_prismarine/dark_prismarine_stairs_inner_0", "weight":100,"x":180,"uvlock":true},
	  {"model":"block/variated/dark_prismarine/dark_prismarine_stairs_inner_1", "weight":50 ,"x":180,"uvlock":true},
	  {"model":"block/variated/dark_prismarine/dark_prismarine_stairs_inner_2", "weight":50 ,"x":180,"uvlock":true},
	  {"model":"block/variated/dark_prismarine/dark_prismarine_stairs_inner_3", "weight":50 ,"x":180,"uvlock":true} ],
	  
	"facing=west,half=top,shape=inner_left": [
	  {"model":"block/variated/dark_prismarine/dark_prismarine_stairs_inner_0", "weight":100,"y":180,"uvlock":true,"x":180},
	  {"model":"block/variated/dark_prismarine/dark_prismarine_stairs_inner_1", "weight":50 ,"y":180,"uvlock":true,"x":180},
	  {"model":"block/variated/dark_prismarine/dark_prismarine_stairs_inner_2", "weight":50 ,"y":180,"uvlock":true,"x":180},
	  {"model":"block/variated/dark_prismarine/dark_prismarine_stairs_inner_3", "weight":50 ,"y":180,"uvlock":true,"x":180} ],
	  
	"facing=south,half=top,shape=inner_left": [
	  {"model":"block/variated/dark_prismarine/dark_prismarine_stairs_inner_0", "weight":100,"y":90,"uvlock":true,"x":180},
	  {"model":"block/variated/dark_prismarine/dark_prismarine_stairs_inner_1", "weight":50 ,"y":90,"uvlock":true,"x":180},
	  {"model":"block/variated/dark_prismarine/dark_prismarine_stairs_inner_2", "weight":50 ,"y":90,"uvlock":true,"x":180},
	  {"model":"block/variated/dark_prismarine/dark_prismarine_stairs_inner_3", "weight":50 ,"y":90,"uvlock":true,"x":180} ],
	  
	"facing=north,half=top,shape=inner_left": [
	  {"model":"block/variated/dark_prismarine/dark_prismarine_stairs_inner_0", "weight":100,"y":270,"uvlock":true,"x":180},
	  {"model":"block/variated/dark_prismarine/dark_prismarine_stairs_inner_1", "weight":50 ,"y":270,"uvlock":true,"x":180},
	  {"model":"block/variated/dark_prismarine/dark_prismarine_stairs_inner_2", "weight":50 ,"y":270,"uvlock":true,"x":180},
	  {"model":"block/variated/dark_prismarine/dark_prismarine_stairs_inner_3", "weight":50 ,"y":270,"uvlock":true,"x":180} ]
	}
}