{
  "variants": {
	"facing=north": [
		{ "model": "block/jack_o_lantern" },
		{ "model": "block/variated/jack_o_lantern/jack_o_lantern_1" },
		{ "model": "block/variated/jack_o_lantern/jack_o_lantern_2" }
	],
    "facing=east": [
		{ "model": "block/jack_o_lantern", "y": 90 },
		{ "model": "block/variated/jack_o_lantern/jack_o_lantern_1", "y": 90 },
		{ "model": "block/variated/jack_o_lantern/jack_o_lantern_2", "y": 90 }
	],
    "facing=south": [
		{ "model": "block/jack_o_lantern", "y": 180 },
		{ "model": "block/variated/jack_o_lantern/jack_o_lantern_1", "y": 180 },
		{ "model": "block/variated/jack_o_lantern/jack_o_lantern_2", "y": 180 }
	],
    "facing=west": [
		{ "model": "block/jack_o_lantern", "y": 270 },
		{ "model": "block/variated/jack_o_lantern/jack_o_lantern_1", "y": 270 },
		{ "model": "block/variated/jack_o_lantern/jack_o_lantern_2", "y": 270 }
	]
  }
}