{
  "variants": {
    "facing=east,half=bottom,open=false": {
      "model": "minecraft:block/warped_trapdoor_bottom_ew"
    },
    "facing=east,half=bottom,open=true": {
      "model": "minecraft:block/warped_trapdoor_open",
      "y": 90
    },
    "facing=east,half=top,open=false": {
      "model": "minecraft:block/warped_trapdoor_top_ew"
    },
    "facing=east,half=top,open=true": {
      "model": "minecraft:block/warped_trapdoor_open",
      "y": 90
    },
    "facing=north,half=bottom,open=false": {
      "model": "minecraft:block/warped_trapdoor_bottom"
    },
    "facing=north,half=bottom,open=true": {
      "model": "minecraft:block/warped_trapdoor_open"
    },
    "facing=north,half=top,open=false": {
      "model": "minecraft:block/warped_trapdoor_top"
    },
    "facing=north,half=top,open=true": {
      "model": "minecraft:block/warped_trapdoor_open"
    },
    "facing=south,half=bottom,open=false": {
      "model": "minecraft:block/warped_trapdoor_bottom"
    },
    "facing=south,half=bottom,open=true": {
      "model": "minecraft:block/warped_trapdoor_open",
      "y": 180
    },
    "facing=south,half=top,open=false": {
      "model": "minecraft:block/warped_trapdoor_top"
    },
    "facing=south,half=top,open=true": {
      "model": "minecraft:block/warped_trapdoor_open",
      "y": 180
    },
    "facing=west,half=bottom,open=false": {
      "model": "minecraft:block/warped_trapdoor_bottom_ew"
    },
    "facing=west,half=bottom,open=true": {
      "model": "minecraft:block/warped_trapdoor_open",
      "y": 270
    },
    "facing=west,half=top,open=false": {
      "model": "minecraft:block/warped_trapdoor_top_ew"
    },
    "facing=west,half=top,open=true": {
      "model": "minecraft:block/warped_trapdoor_open",
      "y": 270
    }
  }
}