{
	"blend": {
		"type": "screen"
	},
	"conditions": {
		"weather": [
			"clear"
		],
		"worlds": [
			"minecraft:overworld"
		]
	},
	"decorations": {
		"showMoon": true,
		"showStars": false,
		"showSun": true
	},
	"properties": {
		"fade": {
			"endFadeIn": 0,
			"endFadeOut": 12667,
			"startFadeIn": 23500,
			"startFadeOut": 11833
		},
		"rotation": {
			"axis": [
				-0.0,
				-18.0,
				0.0
			],
			"rotationSpeed": -1.0,
			"static": [
				0.0,
				0.0,
				0.0
			]
		},
		"shouldRotate": true
	},
	"schemaVersion": 2,
	"textures": {
		"bottom": "fabricskyboxes:sky/cloud1_bottom.png",
		"east": "fabricskyboxes:sky/cloud1_east.png",
		"north": "fabricskyboxes:sky/cloud1_north.png",
		"south": "fabricskyboxes:sky/cloud1_south.png",
		"top": "fabricskyboxes:sky/cloud1_top.png",
		"west": "fabricskyboxes:sky/cloud1_west.png"
	},
	"type": "square-textured"
}
