{
	"blend": {
		"type": "burn"
	},
	"conditions": {
		"weather": [
			"clear"
		],
		"worlds": [
			"minecraft:overworld"
		]
	},
	"decorations": {
		"showMoon": true,
		"showStars": false,
		"showSun": true
	},
	"properties": {
		"fade": {
			"endFadeIn": 13833,
			"endFadeOut": 22667,
			"startFadeIn": 13500,
			"startFadeOut": 22334
		},
		"rotation": {
			"axis": [
				-0.0,
				-18.0,
				0.0
			],
			"rotationSpeed": -1.0,
			"static": [
				0.0,
				0.0,
				0.0
			]
		},
		"shouldRotate": true
	},
	"schemaVersion": 2,
	"textures": {
		"bottom": "fabricskyboxes:sky/starfield02_bottom.png",
		"east": "fabricskyboxes:sky/starfield02_east.png",
		"north": "fabricskyboxes:sky/starfield02_north.png",
		"south": "fabricskyboxes:sky/starfield02_south.png",
		"top": "fabricskyboxes:sky/starfield02_top.png",
		"west": "fabricskyboxes:sky/starfield02_west.png"
	},
	"type": "square-textured"
}
