{
	"blend": {
		"type": "add"
	},
	"conditions": {
		"weather": [
			"clear"
		],
		"worlds": [
			"minecraft:overworld"
		]
	},
	"decorations": {
		"showMoon": true,
		"showStars": false,
		"showSun": true
	},
	"properties": {
		"fade": {
			"endFadeIn": 12500,
			"endFadeOut": 13333,
			"startFadeIn": 11833,
			"startFadeOut": 12666
		},
		"rotation": {
			"axis": [
				90.0,
				0.0,
				0.0
			],
			"rotationSpeed": 1.0,
			"static": [
				0.0,
				0.0,
				0.0
			]
		},
		"shouldRotate": true
	},
	"schemaVersion": 2,
	"textures": {
		"bottom": "fabricskyboxes:sky/sky_sunflare_bottom.png",
		"east": "fabricskyboxes:sky/sky_sunflare_east.png",
		"north": "fabricskyboxes:sky/sky_sunflare_north.png",
		"south": "fabricskyboxes:sky/sky_sunflare_south.png",
		"top": "fabricskyboxes:sky/sky_sunflare_top.png",
		"west": "fabricskyboxes:sky/sky_sunflare_west.png"
	},
	"type": "square-textured"
}
