{"parent":"block/block","ambientocclusion":false,"textures":{"particle":"block/glass","glass":"block/glass","obsidian":"block/obsidian","beacon":"block/beacon"},"elements":[{"name":"Glass shell","from":[0,0,0],"to":[16,16,16],"faces":{"north":{"uv":[0,0,16,16],"texture":"#glass"},"east":{"uv":[0,0,16,16],"texture":"#glass"},"south":{"uv":[0,0,16,16],"texture":"#glass"},"west":{"uv":[0,0,16,16],"texture":"#glass"},"up":{"uv":[0,0,16,16],"texture":"#glass"},"down":{"uv":[0,0,16,16],"texture":"#glass"}}},{"name":"Obsidian base","from":[2,0.1,2],"to":[14,2,14],"faces":{"north":{"uv":[2,14,14,15.9],"texture":"#obsidian"},"east":{"uv":[2,14,14,15.9],"texture":"#obsidian"},"south":{"uv":[2,14,14,15.9],"texture":"#obsidian"},"west":{"uv":[2,14,14,15.9],"texture":"#obsidian"},"up":{"uv":[2,2,14,14],"texture":"#obsidian"},"down":{"uv":[2,2,14,14],"texture":"#obsidian"}}},{"name":"Inner beacon texture","from":[4,2,4],"to":[12,10,12],"faces":{"north":{"uv":[4,4,12,12],"texture":"#beacon"},"east":{"uv":[4,4,12,12],"texture":"#beacon"},"south":{"uv":[4,4,12,12],"texture":"#beacon"},"west":{"uv":[4,4,12,12],"texture":"#beacon"},"up":{"uv":[4,4,12,12],"texture":"#beacon"}}}]}