{"parent":"block/block","textures":{"top":"block/big_dripleaf_top","stem":"block/big_dripleaf_stem","side":"block/big_dripleaf_side","tip":"block/big_dripleaf_tip","particle":"#top"},"elements":[{"from":[0,11,0],"to":[16,15,16],"shade":false,"rotation":{"angle":0,"axis":"x","origin":[8,15,16]},"faces":{"north":{"uv":[0,0,16,4],"texture":"#tip"},"east":{"uv":[16,0,0,4],"texture":"#side"},"west":{"uv":[0,0,16,4],"texture":"#side"},"up":{"uv":[0,0,16,16],"texture":"#top"}}},{"from":[16,15,16],"to":[0,11,0],"shade":false,"rotation":{"angle":0,"axis":"x","origin":[8,15,16]},"faces":{"east":{"uv":[16,0,0,4],"rotation":180,"texture":"#side"},"south":{"uv":[0,0,16,4],"rotation":180,"texture":"#tip"},"west":{"uv":[0,0,16,4],"rotation":180,"texture":"#side"},"down":{"uv":[0,0,16,16],"texture":"#top"}}},{"from":[4.5,0,12],"to":[11.5,15,12],"shade":false,"rotation":{"angle":45,"axis":"y","origin":[8,8,12],"rescale":true},"faces":{"north":{"uv":[2,0,14,16],"texture":"#stem"},"south":{"uv":[14,0,2,16],"texture":"#stem"}}},{"from":[4.5,0,12],"to":[11.5,15,12],"shade":false,"rotation":{"angle":-45,"axis":"y","origin":[8,8,12],"rescale":true},"faces":{"north":{"uv":[14,0,2,16],"texture":"#stem"},"south":{"uv":[2,0,14,16],"texture":"#stem"}}}]}