{"ambientocclusion":false,"textures":{"particle":"#crop"},"elements":[{"from":[4,-2,0],"to":[4,14,16],"shade":false,"rotation":{"angle":0,"axis":"y","origin":[8,7,8]},"faces":{"east":{"uv":[0,0,16,16],"texture":"#crop"},"west":{"uv":[0,0,16,16],"texture":"#crop"}}},{"from":[12,-2,0],"to":[12,14,16],"shade":false,"rotation":{"angle":0,"axis":"y","origin":[8,7,8]},"faces":{"east":{"uv":[0,0,16,16],"texture":"#crop"},"west":{"uv":[0,0,16,16],"texture":"#crop"}}},{"from":[0,-2,4],"to":[16,14,4],"shade":false,"rotation":{"angle":0,"axis":"y","origin":[8,7,8]},"faces":{"north":{"uv":[0,0,16,16],"texture":"#crop"},"south":{"uv":[0,0,16,16],"texture":"#crop"}}},{"from":[0,-2,12],"to":[16,14,12],"shade":false,"rotation":{"angle":0,"axis":"y","origin":[8,7,8]},"faces":{"north":{"uv":[0,0,16,16],"texture":"#crop"},"south":{"uv":[0,0,16,16],"texture":"#crop"}}}]}