{"textures":{"particle":"#texture"},"elements":[{"name":"top bar","from":[7,10,0],"to":[9,14,6],"rotation":{"angle":0,"axis":"y","origin":[8,7,8]},"faces":{"north":{"uv":[6,2,8,6],"texture":"#texture","cullface":"north"},"east":{"uv":[10,2,16,6],"texture":"#texture"},"west":{"uv":[0,2,6,6],"texture":"#texture"},"up":{"uv":[0,2,6,4],"rotation":90,"texture":"#texture"},"down":{"uv":[0,4,6,6],"rotation":270,"texture":"#texture"}}},{"name":"lower bar","from":[7,4,0],"to":[9,8,6],"rotation":{"angle":0,"axis":"y","origin":[8,7,8]},"faces":{"north":{"uv":[6,8,8,12],"texture":"#texture","cullface":"north"},"east":{"uv":[10,8,16,12],"texture":"#texture"},"west":{"uv":[0,8,6,12],"texture":"#texture"},"up":{"uv":[0,8,6,10],"rotation":90,"texture":"#texture"},"down":{"uv":[0,10,6,12],"rotation":270,"texture":"#texture"}}}]}