{"parent":"block/block","textures":{"bottom":"block/oak_planks","base":"block/lectern_base","front":"block/lectern_front","particle":"block/lectern_sides","sides":"block/lectern_sides","top":"block/lectern_top"},"elements":[{"from":[0,0,0],"to":[16,2,16],"faces":{"north":{"uv":[0,14,16,16],"texture":"#base","cullface":"north"},"east":{"uv":[0,6,16,8],"texture":"#base","cullface":"east"},"south":{"uv":[0,6,16,8],"texture":"#base","cullface":"south"},"west":{"uv":[0,6,16,8],"texture":"#base","cullface":"west"},"up":{"uv":[0,0,16,16],"rotation":180,"texture":"#base"},"down":{"uv":[0,0,16,16],"texture":"#bottom","cullface":"down"}}},{"from":[4,2,4],"to":[12,16,12],"rotation":{"angle":0,"axis":"y","origin":[8,9,8]},"faces":{"north":{"uv":[0,0,8,14],"texture":"#front"},"east":{"uv":[2,16,16,8],"rotation":90,"texture":"#sides"},"south":{"uv":[8,2,16,16],"texture":"#front"},"west":{"uv":[2,8,16,16],"rotation":90,"texture":"#sides"}}},{"from":[0.01,13,3],"to":[15.99,17,17],"rotation":{"angle":-22.5,"axis":"x","origin":[8,9,8]},"faces":{"north":{"uv":[0,0,16,4],"texture":"#sides"},"east":{"uv":[0,4,14,8],"texture":"#sides"},"south":{"uv":[0,4,16,8],"texture":"#sides"},"west":{"uv":[0,4,14,8],"texture":"#sides"},"up":{"uv":[0,0,15.98,14],"rotation":180,"texture":"#top"},"down":{"uv":[0,0,15.98,14],"texture":"#bottom"}}}],"display":{"firstperson_righthand":{"rotation":[0,135,0],"scale":[0.4,0.4,0.4]}}}