{"parent":"block/block","textures":{"particle":"block/mangrove_propagule_hanging","propagule":"block/mangrove_propagule_hanging"},"elements":[{"from":[7,12.61104,10.07193],"to":[9,12.61104,12.07193],"rotation":{"angle":22.5,"axis":"x","origin":[8,15,8]},"faces":{"up":{"uv":[4,2,6,4],"rotation":180,"texture":"#propagule"},"down":{"uv":[4,0,6,2],"texture":"#propagule"}}},{"from":[10.07193,12.61104,7],"to":[12.07193,12.61104,9],"rotation":{"angle":-22.5,"axis":"z","origin":[8,15,8]},"faces":{"up":{"uv":[4,2,6,4],"rotation":90,"texture":"#propagule"},"down":{"uv":[4,0,6,2],"rotation":90,"texture":"#propagule"}}},{"from":[7,12.61104,3.92807],"to":[9,12.61104,5.92807],"rotation":{"angle":-22.5,"axis":"x","origin":[8,15,8]},"faces":{"up":{"uv":[4,2,6,4],"texture":"#propagule"},"down":{"uv":[4,0,6,2],"rotation":180,"texture":"#propagule"}}},{"from":[3.92807,12.61104,7],"to":[5.92807,12.61104,9],"rotation":{"angle":22.5,"axis":"z","origin":[8,15,8]},"faces":{"up":{"uv":[4,2,6,4],"rotation":270,"texture":"#propagule"},"down":{"uv":[4,0,6,2],"rotation":270,"texture":"#propagule"}}},{"from":[7,14,8],"to":[9,16,8],"rotation":{"angle":-45,"axis":"y","origin":[8,16,8]},"faces":{"north":{"uv":[0,0,2,2],"texture":"#propagule"},"east":{"uv":[0,0,0,2],"texture":"#propagule"},"south":{"uv":[0,0,2,2],"texture":"#propagule"},"west":{"uv":[0,0,0,2],"texture":"#propagule"},"up":{"uv":[0,0,2,0],"texture":"#propagule"},"down":{"uv":[0,0,2,0],"texture":"#propagule"}}},{"from":[7,14,8],"to":[9,16,8],"rotation":{"angle":45,"axis":"y","origin":[8,16,8]},"faces":{"north":{"uv":[0,0,2,2],"texture":"#propagule"},"east":{"uv":[0,0,0,2],"texture":"#propagule"},"south":{"uv":[0,0,2,2],"texture":"#propagule"},"west":{"uv":[0,0,0,2],"texture":"#propagule"},"up":{"uv":[0,0,2,0],"texture":"#propagule"},"down":{"uv":[0,0,2,0],"texture":"#propagule"}}},{"from":[7,2,8],"to":[9,10,8],"rotation":{"angle":45,"axis":"y","origin":[8,16,8]},"faces":{"north":{"uv":[2,2,4,10],"texture":"#propagule"},"south":{"uv":[2,2,4,10],"texture":"#propagule"}}},{"from":[7,2,8],"to":[9,10,8],"rotation":{"angle":-45,"axis":"y","origin":[8,16,8]},"faces":{"north":{"uv":[2,2,4,10],"texture":"#propagule"},"south":{"uv":[2,2,4,10],"texture":"#propagule"}}},{"from":[7,10,7],"to":[9,14,9],"rotation":{"angle":0,"axis":"y","origin":[8,16,8]},"faces":{"north":{"uv":[0,6,2,10],"texture":"#propagule"},"east":{"uv":[0,6,2,10],"texture":"#propagule"},"south":{"uv":[0,6,2,10],"texture":"#propagule"},"west":{"uv":[0,6,2,10],"texture":"#propagule"},"up":{"uv":[0,2,2,4],"texture":"#propagule"},"down":{"uv":[0,10,2,12],"texture":"#propagule"}}}]}