{"parent":"block/block","textures":{"particle":"block/small_dripleaf_top","top":"block/small_dripleaf_top","side":"block/small_dripleaf_side","stem":"block/small_dripleaf_stem_top"},"elements":[{"from":[8,1,8],"to":[16,3,16],"shade":false,"rotation":{"angle":0,"axis":"y","origin":[8,3,8]},"faces":{"north":{"uv":[0,0,8,2],"texture":"#side"},"east":{"uv":[0,0,8,2],"texture":"#side"},"south":{"uv":[0,0,8,2],"texture":"#side"},"west":{"uv":[0,0,8,2],"texture":"#side"},"up":{"uv":[0,0,8,8],"rotation":180,"texture":"#top"}}},{"from":[16,3,16],"to":[8,1,8],"shade":false,"rotation":{"angle":0,"axis":"y","origin":[8,3,8]},"faces":{"north":{"uv":[8,0,0,2],"rotation":180,"texture":"#side"},"east":{"uv":[8,0,0,2],"rotation":180,"texture":"#side"},"south":{"uv":[8,0,0,2],"rotation":180,"texture":"#side"},"west":{"uv":[8,0,0,2],"rotation":180,"texture":"#side"},"down":{"uv":[0,0,8,8],"rotation":270,"texture":"#top"}}},{"from":[0,6,0],"to":[8,8,8],"shade":false,"rotation":{"angle":0,"axis":"y","origin":[8,8,8]},"faces":{"north":{"uv":[0,0,8,2],"texture":"#side"},"east":{"uv":[0,0,8,2],"texture":"#side"},"south":{"uv":[0,0,8,2],"texture":"#side"},"west":{"uv":[0,0,8,2],"texture":"#side"},"up":{"uv":[0,0,8,8],"texture":"#top"}}},{"from":[8,8,8],"to":[0,6,0],"shade":false,"rotation":{"angle":0,"axis":"z","origin":[8,8,8]},"faces":{"north":{"uv":[8,0,0,2],"rotation":180,"texture":"#side"},"east":{"uv":[8,0,0,2],"rotation":180,"texture":"#side"},"south":{"uv":[8,0,0,2],"rotation":180,"texture":"#side"},"west":{"uv":[8,0,0,2],"rotation":180,"texture":"#side"},"down":{"uv":[0,0,8,8],"rotation":90,"texture":"#top"}}},{"from":[8,12,16],"to":[0,10,8],"shade":false,"rotation":{"angle":0,"axis":"y","origin":[8,12,8]},"faces":{"north":{"uv":[8,0,0,2],"rotation":180,"texture":"#side"},"east":{"uv":[8,0,0,2],"rotation":180,"texture":"#side"},"south":{"uv":[8,0,0,2],"rotation":180,"texture":"#side"},"west":{"uv":[8,0,0,2],"rotation":180,"texture":"#side"},"down":{"uv":[0,0,8,8],"rotation":180,"texture":"#top"}}},{"from":[0,10,8],"to":[8,12,16],"shade":false,"rotation":{"angle":0,"axis":"y","origin":[8,12,8]},"faces":{"north":{"uv":[0,0,8,2],"texture":"#side"},"east":{"uv":[0,0,8,2],"texture":"#side"},"south":{"uv":[0,0,8,2],"texture":"#side"},"west":{"uv":[0,0,8,2],"texture":"#side"},"up":{"uv":[0,0,8,8],"rotation":270,"texture":"#top"}}},{"from":[4.5,0,8],"to":[11.5,14,8],"shade":false,"rotation":{"angle":45,"axis":"y","origin":[8,8,8]},"faces":{"north":{"uv":[4,0,12,14],"texture":"#stem"},"south":{"uv":[4,0,12,14],"texture":"#stem"}}},{"from":[4.5,0,8],"to":[11.5,14,8],"shade":false,"rotation":{"angle":-45,"axis":"y","origin":[8,8,8]},"faces":{"north":{"uv":[4,0,12,14],"texture":"#stem"},"south":{"uv":[4,0,12,14],"texture":"#stem"}}}]}