{"parent":"block/block","textures":{"particle":"block/sculk_shrieker_bottom","bottom":"block/sculk_shrieker_bottom","side":"block/sculk_shrieker_side","top":"block/sculk_shrieker_top","inner_top":"block/sculk_shrieker_inner_top"},"elements":[{"name":"bottom_slab","from":[0,0,0],"to":[16,8,16],"faces":{"north":{"uv":[0,8,16,16],"texture":"#side","cullface":"north"},"east":{"uv":[0,8,16,16],"texture":"#side","cullface":"east"},"south":{"uv":[0,8,16,16],"texture":"#side","cullface":"south"},"west":{"uv":[0,8,16,16],"texture":"#side","cullface":"west"},"up":{"uv":[0,0,16,16],"texture":"#inner_top"},"down":{"uv":[0,0,16,16],"texture":"#bottom","cullface":"down"}}},{"name":"top_slab","from":[2,8,2],"to":[14,16,14],"faces":{"north":{"uv":[2,0,14,8],"texture":"#side"},"east":{"uv":[2,0,14,8],"texture":"#side"},"south":{"uv":[2,0,14,8],"texture":"#side"},"west":{"uv":[2,0,14,8],"texture":"#side"},"up":{"uv":[2,2,14,14],"texture":"#top"}}},{"name":"top_slab","from":[14,16,14],"to":[2,8,2],"faces":{"north":{"uv":[14,8,2,0],"texture":"#side"},"east":{"uv":[14,8,2,0],"texture":"#side"},"south":{"uv":[14,8,2,0],"texture":"#side"},"west":{"uv":[14,8,2,0],"texture":"#side"},"down":{"uv":[14,14,2,2],"texture":"#top"}}}]}