{
    "textures": {
        "particle": "block/brewing_stand",
        "stand": "block/brewing_stand",
        "stand_e":"block/brewing_stand_e"
    },
    "elements": [
        {   "from": [ 8, 0, 8 ],
            "to": [ 16, 16, 8 ],
            "faces": {
                "north": { "uv": [ 0, 0, 8, 16 ], "texture": "#stand" },
                "south": { "uv": [ 8, 0, 0, 16 ], "texture": "#stand" }
            }
        },
        {   "from": [ 8, 0, 8 ],
            "to": [ 16, 16, 8 ],
            "faces": {
                "north": { "uv": [ 0, 0, 8, 16 ], "texture": "#stand_e" },
                "south": { "uv": [ 8, 0, 0, 16 ], "texture": "#stand_e" }
            }
        }
    ]
}
