{
	"textures": {
		"eye_e": "block/end_portal_frame_eye_e",
		"bottom": "block/end_stone",
		"top": "block/end_portal_frame_top",
		"particle": "block/end_portal_frame_side",
		"side": "block/end_portal_frame_side",
		"eye": "block/end_portal_frame_eye"
	},
	"elements": [
		{
			"from": [0, 0, 0],
			"to": [16, 13, 16],
			"faces": {
				"north": {"uv": [0, 3, 16, 16], "texture": "#side", "cullface": "north"},
				"east": {"uv": [0, 3, 16, 16], "texture": "#side", "cullface": "east"},
				"south": {"uv": [0, 3, 16, 16], "texture": "#side", "cullface": "south"},
				"west": {"uv": [0, 3, 16, 16], "texture": "#side", "cullface": "west"},
				"up": {"uv": [0, 0, 16, 16], "texture": "#top"},
				"down": {"uv": [0, 0, 16, 16], "texture": "#bottom", "cullface": "down"}
			}
		},
		{
			"from": [4, 13, 4],
			"to": [12, 16, 12],
			"faces": {
				"north": {"uv": [4, 0, 12, 3], "texture": "#eye"},
				"east": {"uv": [4, 0, 12, 3], "texture": "#eye"},
				"south": {"uv": [4, 0, 12, 3], "texture": "#eye"},
				"west": {"uv": [4, 0, 12, 3], "texture": "#eye"},
				"up": {"uv": [4, 4, 12, 12], "texture": "#eye", "cullface": "up"}
			}
		},
		{
			"from": [4, 13, 4],
			"to": [12, 16, 12],
			"faces": {
				"up": {"uv": [4, 4, 12, 12], "texture": "#eye_e", "cullface": "up"}
			}
		}
	]
}