{
	"parent": "block/block",
	"textures": {
		"all_e": "block/sea_pickle_e",
		"particle": "block/sea_pickle",
		"all": "block/sea_pickle"
	},
	"elements": [
		{
			"from": [2, 0, 2],
			"to": [6, 6, 6],
			"faces": {
				"north": {"uv": [4, 5, 8, 11], "texture": "#all"},
				"east": {"uv": [12, 5, 16, 11], "texture": "#all"},
				"south": {"uv": [0, 5, 4, 11], "texture": "#all"},
				"west": {"uv": [8, 5, 12, 11], "texture": "#all"},
				"up": {"uv": [4, 1, 8, 5], "texture": "#all"},
				"down": {"uv": [8, 1, 12, 5], "texture": "#all", "cullface": "down"}
			}
		},
		{
			"from": [2, 5.95, 2],
			"to": [6, 5.95, 6],
			"faces": {
				"up": {"uv": [8, 1, 12, 5], "texture": "#all"}
			}
		},
		{
			"from": [9, 0, 10],
			"to": [13, 4, 14],
			"faces": {
				"north": {"uv": [4, 5, 8, 9], "texture": "#all"},
				"east": {"uv": [12, 5, 16, 9], "texture": "#all"},
				"south": {"uv": [0, 5, 4, 9], "texture": "#all"},
				"west": {"uv": [8, 5, 12, 9], "texture": "#all"},
				"up": {"uv": [4, 1, 8, 5], "texture": "#all"},
				"down": {"uv": [8, 1, 12, 5], "texture": "#all", "cullface": "down"}
			}
		},
		{
			"from": [9, 3.95, 10],
			"to": [13, 3.95, 14],
			"faces": {
				"up": {"uv": [8, 1, 12, 5], "texture": "#all"}
			}
		},
		{
			"from": [9, 0, 2],
			"to": [13, 6, 6],
			"faces": {
				"north": {"uv": [4, 5, 8, 11], "texture": "#all"},
				"east": {"uv": [12, 5, 16, 11], "texture": "#all"},
				"south": {"uv": [0, 5, 4, 11], "texture": "#all"},
				"west": {"uv": [8, 5, 12, 11], "texture": "#all"},
				"up": {"uv": [4, 1, 8, 5], "texture": "#all"},
				"down": {"uv": [8, 1, 12, 5], "texture": "#all", "cullface": "down"}
			}
		},
		{
			"from": [9, 5.95, 2],
			"to": [13, 5.95, 6],
			"faces": {
				"up": {"uv": [8, 1, 12, 5], "texture": "#all"}
			}
		},
		{
			"from": [2, 0, 8],
			"to": [6, 7, 12],
			"faces": {
				"north": {"uv": [4, 5, 8, 12], "texture": "#all"},
				"east": {"uv": [12, 5, 16, 12], "texture": "#all"},
				"south": {"uv": [0, 5, 4, 12], "texture": "#all"},
				"west": {"uv": [8, 5, 12, 12], "texture": "#all"},
				"up": {"uv": [4, 1, 8, 5], "texture": "#all"},
				"down": {"uv": [8, 1, 12, 5], "texture": "#all", "cullface": "down"}
			}
		},
		{
			"from": [2, 6.95, 8],
			"to": [6, 6.95, 12],
			"faces": {
				"up": {"uv": [8, 1, 12, 5], "texture": "#all"}
			}
		},
		{
			"from": [3.5, 5.2, 4],
			"to": [4.5, 8.7, 4],
			"shade": false,
			"rotation": {"angle": 45, "axis": "y", "origin": [4, 8, 4], "rescale": true},
			"faces": {
				"north": {"uv": [1, 0, 3, 5], "texture": "#all"},
				"south": {"uv": [13, 0, 15, 5], "texture": "#all"}
			}
		},
		{
			"from": [4, 5.2, 3.5],
			"to": [4, 8.7, 4.5],
			"shade": false,
			"rotation": {"angle": 45, "axis": "y", "origin": [4, 8, 4], "rescale": true},
			"faces": {
				"east": {"uv": [13, 0, 15, 5], "texture": "#all"},
				"west": {"uv": [1, 0, 3, 5], "texture": "#all"}
			}
		},
		{
			"from": [10.5, 3.2, 12],
			"to": [11.5, 6.7, 12],
			"shade": false,
			"rotation": {"angle": 45, "axis": "y", "origin": [11, 8, 12], "rescale": true},
			"faces": {
				"north": {"uv": [1, 0, 3, 5], "texture": "#all"},
				"south": {"uv": [13, 0, 15, 5], "texture": "#all"}
			}
		},
		{
			"from": [11, 3.2, 11.5],
			"to": [11, 6.7, 12.5],
			"shade": false,
			"rotation": {"angle": 45, "axis": "y", "origin": [11, 8, 12], "rescale": true},
			"faces": {
				"east": {"uv": [13, 0, 15, 5], "texture": "#all"},
				"west": {"uv": [1, 0, 3, 5], "texture": "#all"}
			}
		},
		{
			"from": [10.5, 5.2, 4],
			"to": [11.5, 8.7, 4],
			"shade": false,
			"rotation": {"angle": 45, "axis": "y", "origin": [11, 8, 4], "rescale": true},
			"faces": {
				"north": {"uv": [1, 0, 3, 5], "texture": "#all"},
				"south": {"uv": [13, 0, 15, 5], "texture": "#all"}
			}
		},
		{
			"from": [11, 5.2, 3.5],
			"to": [11, 8.7, 4.5],
			"shade": false,
			"rotation": {"angle": 45, "axis": "y", "origin": [11, 8, 4], "rescale": true},
			"faces": {
				"east": {"uv": [13, 0, 15, 5], "texture": "#all"},
				"west": {"uv": [1, 0, 3, 5], "texture": "#all"}
			}
		},
		{
			"from": [3.5, 6.2, 10],
			"to": [4.5, 9.7, 10],
			"shade": false,
			"rotation": {"angle": 45, "axis": "y", "origin": [4, 8, 10], "rescale": true},
			"faces": {
				"north": {"uv": [1, 0, 3, 5], "texture": "#all"},
				"south": {"uv": [13, 0, 15, 5], "texture": "#all"}
			}
		},
		{
			"from": [4, 6.2, 9.5],
			"to": [4, 9.7, 10.5],
			"shade": false,
			"rotation": {"angle": 45, "axis": "y", "origin": [4, 8, 10], "rescale": true},
			"faces": {
				"east": {"uv": [13, 0, 15, 5], "texture": "#all"},
				"west": {"uv": [1, 0, 3, 5], "texture": "#all"}
			}
		},
		{
			"from": [11, 3.2, 11.5],
			"to": [11, 6.7, 12.5],
			"shade": false,
			"rotation": {"angle": 45, "axis": "y", "origin": [11, 8, 12], "rescale": true},
			"faces": {
				"north": {"uv": [0, 0, 0, 0], "texture": "#all_e"},
				"east": {"uv": [13, 0, 15, 5], "texture": "#all_e"},
				"south": {"uv": [0, 0, 0, 0], "texture": "#all_e"},
				"west": {"uv": [1, 0, 3, 5], "texture": "#all_e"},
				"up": {"uv": [0, 0, 0, 0], "texture": "#all_e"},
				"down": {"uv": [0, 0, 0, 0], "texture": "#all_e"}
			}
		},
		{
			"from": [10.5, 5.2, 4],
			"to": [11.5, 8.7, 4],
			"shade": false,
			"rotation": {"angle": 45, "axis": "y", "origin": [11, 8, 4], "rescale": true},
			"faces": {
				"north": {"uv": [1, 0, 3, 5], "texture": "#all_e"},
				"east": {"uv": [0, 0, 0, 0], "texture": "#all_e"},
				"south": {"uv": [13, 0, 15, 5], "texture": "#all_e"},
				"west": {"uv": [0, 0, 0, 0], "texture": "#all_e"},
				"up": {"uv": [0, 0, 0, 0], "texture": "#all_e"},
				"down": {"uv": [0, 0, 0, 0], "texture": "#all_e"}
			}
		},
		{
			"from": [11, 5.2, 3.5],
			"to": [11, 8.7, 4.5],
			"shade": false,
			"rotation": {"angle": 45, "axis": "y", "origin": [11, 8, 4], "rescale": true},
			"faces": {
				"north": {"uv": [0, 0, 0, 0], "texture": "#all_e"},
				"east": {"uv": [13, 0, 15, 5], "texture": "#all_e"},
				"south": {"uv": [0, 0, 0, 0], "texture": "#all_e"},
				"west": {"uv": [1, 0, 3, 5], "texture": "#all_e"},
				"up": {"uv": [0, 0, 0, 0], "texture": "#all_e"},
				"down": {"uv": [0, 0, 0, 0], "texture": "#all_e"}
			}
		},
		{
			"from": [3.5, 6.2, 10],
			"to": [4.5, 9.7, 10],
			"shade": false,
			"rotation": {"angle": 45, "axis": "y", "origin": [4, 8, 10], "rescale": true},
			"faces": {
				"north": {"uv": [1, 0, 3, 5], "texture": "#all_e"},
				"east": {"uv": [0, 0, 0, 0], "texture": "#all_e"},
				"south": {"uv": [13, 0, 15, 5], "texture": "#all_e"},
				"west": {"uv": [0, 0, 0, 0], "texture": "#all_e"},
				"up": {"uv": [0, 0, 0, 0], "texture": "#all_e"},
				"down": {"uv": [0, 0, 0, 0], "texture": "#all_e"}
			}
		},
		{
			"from": [4, 6.2, 9.5],
			"to": [4, 9.7, 10.5],
			"shade": false,
			"rotation": {"angle": 45, "axis": "y", "origin": [4, 8, 10], "rescale": true},
			"faces": {
				"north": {"uv": [0, 0, 0, 0], "texture": "#all_e"},
				"east": {"uv": [13, 0, 15, 5], "texture": "#all_e"},
				"south": {"uv": [0, 0, 0, 0], "texture": "#all_e"},
				"west": {"uv": [1, 0, 3, 5], "texture": "#all_e"},
				"up": {"uv": [0, 0, 0, 0], "texture": "#all_e"},
				"down": {"uv": [0, 0, 0, 0], "texture": "#all_e"}
			}
		},
		{
			"from": [10.5, 3.2, 12],
			"to": [11.5, 6.7, 12],
			"shade": false,
			"rotation": {"angle": 45, "axis": "y", "origin": [11, 8, 12], "rescale": true},
			"faces": {
				"north": {"uv": [1, 0, 3, 5], "texture": "#all_e"},
				"east": {"uv": [0, 0, 0, 0], "texture": "#all_e"},
				"south": {"uv": [13, 0, 15, 5], "texture": "#all_e"},
				"west": {"uv": [0, 0, 0, 0], "texture": "#all_e"},
				"up": {"uv": [0, 0, 0, 0], "texture": "#all_e"},
				"down": {"uv": [0, 0, 0, 0], "texture": "#all_e"}
			}
		},
		{
			"from": [3.5, 5.2, 4],
			"to": [4.5, 8.7, 4],
			"shade": false,
			"rotation": {"angle": 45, "axis": "y", "origin": [4, 8, 4], "rescale": true},
			"faces": {
				"north": {"uv": [1, 0, 3, 5], "texture": "#all_e"},
				"east": {"uv": [0, 0, 0, 0], "texture": "#all_e"},
				"south": {"uv": [13, 0, 15, 5], "texture": "#all_e"},
				"west": {"uv": [0, 0, 0, 0], "texture": "#all_e"},
				"up": {"uv": [0, 0, 0, 0], "texture": "#all_e"},
				"down": {"uv": [0, 0, 0, 0], "texture": "#all_e"}
			}
		},
		{
			"from": [4, 5.2, 3.5],
			"to": [4, 8.7, 4.5],
			"shade": false,
			"rotation": {"angle": 45, "axis": "y", "origin": [4, 8, 4], "rescale": true},
			"faces": {
				"north": {"uv": [0, 0, 0, 0], "texture": "#all_e"},
				"east": {"uv": [13, 0, 15, 5], "texture": "#all_e"},
				"south": {"uv": [0, 0, 0, 0], "texture": "#all_e"},
				"west": {"uv": [1, 0, 3, 5], "texture": "#all_e"},
				"up": {"uv": [0, 0, 0, 0], "texture": "#all_e"},
				"down": {"uv": [0, 0, 0, 0], "texture": "#all_e"}
			}
		}
	],
	"groups": [
		0,
		1,
		2,
		3,
		4,
		5,
		6,
		7,
		8,
		9,
		10,
		11,
		12,
		13,
		14,
		15,
		{
			"name": "group",
			"origin": [4, 8, 4],
			"color": 0,
			"children": [16, 17, 18, 19, 20, 21, 22, 23]
		}
	]
}