{
	"credit": "Made with Blockbench",
	"ambientocclusion": false,
	"textures": {
		"glow_lichen_e": "block/glow_lichen_e",
		"particle": "block/glow_lichen",
		"glow_lichen": "block/glow_lichen"
	},
	"elements": [
		{
			"from": [0, 0, 0.1],
			"to": [16, 16, 0.1],
			"faces": {
				"north": {"uv": [16, 0, 0, 16], "texture": "#glow_lichen"},
				"south": {"uv": [0, 0, 16, 16], "texture": "#glow_lichen"}
			}
		},
		{
			"from": [0, 0, 0.1],
			"to": [16, 16, 0.1],
			"faces": {
				"north": {"uv": [16, 0, 0, 16], "texture": "#glow_lichen_e"},
				"south": {"uv": [0, 0, 16, 16], "texture": "#glow_lichen_e"}
			}
		}
	]
}