{
	"parent": "block/block",
	"textures": {
		"all_e": "block/sea_pickle_e",
		"particle": "block/sea_pickle",
		"all": "block/sea_pickle"
	},
	"elements": [
		{
			"from": [6, 0, 9],
			"to": [10, 6, 13],
			"faces": {
				"north": {"uv": [4, 5, 8, 11], "texture": "#all"},
				"east": {"uv": [12, 5, 16, 11], "texture": "#all"},
				"south": {"uv": [0, 5, 4, 11], "texture": "#all"},
				"west": {"uv": [8, 5, 12, 11], "texture": "#all"},
				"up": {"uv": [4, 1, 8, 5], "texture": "#all"},
				"down": {"uv": [8, 1, 12, 5], "texture": "#all", "cullface": "down"}
			}
		},
		{
			"from": [6, 5.95, 9],
			"to": [10, 5.95, 13],
			"faces": {
				"up": {"uv": [8, 1, 12, 5], "texture": "#all"}
			}
		},
		{
			"from": [2, 0, 2],
			"to": [6, 4, 6],
			"faces": {
				"north": {"uv": [4, 5, 8, 9], "texture": "#all"},
				"east": {"uv": [12, 5, 16, 9], "texture": "#all"},
				"south": {"uv": [0, 5, 4, 9], "texture": "#all"},
				"west": {"uv": [8, 5, 12, 9], "texture": "#all"},
				"up": {"uv": [4, 1, 8, 5], "texture": "#all"},
				"down": {"uv": [8, 1, 12, 5], "texture": "#all", "cullface": "down"}
			}
		},
		{
			"from": [2, 3.95, 2],
			"to": [6, 3.95, 6],
			"faces": {
				"up": {"uv": [8, 1, 12, 5], "texture": "#all"}
			}
		},
		{
			"from": [8, 0, 4],
			"to": [12, 6, 8],
			"faces": {
				"north": {"uv": [4, 5, 8, 11], "texture": "#all"},
				"east": {"uv": [12, 5, 16, 11], "texture": "#all"},
				"south": {"uv": [0, 5, 4, 11], "texture": "#all"},
				"west": {"uv": [8, 5, 12, 11], "texture": "#all"},
				"up": {"uv": [4, 1, 8, 5], "texture": "#all"},
				"down": {"uv": [8, 1, 12, 5], "texture": "#all", "cullface": "down"}
			}
		},
		{
			"from": [8, 5.95, 4],
			"to": [12, 5.95, 8],
			"faces": {
				"up": {"uv": [8, 1, 12, 5], "texture": "#all"}
			}
		},
		{
			"from": [7.5, 5.2, 11],
			"to": [8.5, 8.7, 11],
			"shade": false,
			"rotation": {"angle": 45, "axis": "y", "origin": [8, 8, 11], "rescale": true},
			"faces": {
				"north": {"uv": [1, 0, 3, 5], "texture": "#all"},
				"south": {"uv": [13, 0, 15, 5], "texture": "#all"}
			}
		},
		{
			"from": [8, 5.2, 10.5],
			"to": [8, 8.7, 11.5],
			"shade": false,
			"rotation": {"angle": 45, "axis": "y", "origin": [8, 8, 11], "rescale": true},
			"faces": {
				"east": {"uv": [13, 0, 15, 5], "texture": "#all"},
				"west": {"uv": [1, 0, 3, 5], "texture": "#all"}
			}
		},
		{
			"from": [3.5, 3.2, 4],
			"to": [4.5, 6.7, 4],
			"shade": false,
			"rotation": {"angle": 45, "axis": "y", "origin": [4, 8, 4], "rescale": true},
			"faces": {
				"north": {"uv": [1, 0, 3, 5], "texture": "#all"},
				"south": {"uv": [13, 0, 15, 5], "texture": "#all"}
			}
		},
		{
			"from": [4, 3.2, 3.5],
			"to": [4, 6.7, 4.5],
			"shade": false,
			"rotation": {"angle": 45, "axis": "y", "origin": [4, 8, 4], "rescale": true},
			"faces": {
				"east": {"uv": [13, 0, 15, 5], "texture": "#all"},
				"west": {"uv": [1, 0, 3, 5], "texture": "#all"}
			}
		},
		{
			"from": [9.5, 5.2, 6],
			"to": [10.5, 8.7, 6],
			"shade": false,
			"rotation": {"angle": 45, "axis": "y", "origin": [10, 8, 6], "rescale": true},
			"faces": {
				"north": {"uv": [1, 0, 3, 5], "texture": "#all"},
				"south": {"uv": [13, 0, 15, 5], "texture": "#all"}
			}
		},
		{
			"from": [10, 5.2, 5.5],
			"to": [10, 8.7, 6.5],
			"shade": false,
			"rotation": {"angle": 45, "axis": "y", "origin": [10, 8, 6], "rescale": true},
			"faces": {
				"east": {"uv": [13, 0, 15, 5], "texture": "#all"},
				"west": {"uv": [1, 0, 3, 5], "texture": "#all"}
			}
		},
		{
			"from": [7.5, 5.2, 11],
			"to": [8.5, 8.7, 11],
			"shade": false,
			"rotation": {"angle": 45, "axis": "y", "origin": [8, 8, 11], "rescale": true},
			"faces": {
				"north": {"uv": [1, 0, 3, 5], "texture": "#all_e"},
				"east": {"uv": [0, 0, 0, 0], "texture": "#all_e"},
				"south": {"uv": [13, 0, 15, 5], "texture": "#all_e"},
				"west": {"uv": [0, 0, 0, 0], "texture": "#all_e"},
				"up": {"uv": [0, 0, 0, 0], "texture": "#all_e"},
				"down": {"uv": [0, 0, 0, 0], "texture": "#all_e"}
			}
		},
		{
			"from": [8, 5.2, 10.5],
			"to": [8, 8.7, 11.5],
			"shade": false,
			"rotation": {"angle": 45, "axis": "y", "origin": [8, 8, 11], "rescale": true},
			"faces": {
				"north": {"uv": [0, 0, 0, 0], "texture": "#all_e"},
				"east": {"uv": [13, 0, 15, 5], "texture": "#all_e"},
				"south": {"uv": [0, 0, 0, 0], "texture": "#all_e"},
				"west": {"uv": [1, 0, 3, 5], "texture": "#all_e"},
				"up": {"uv": [0, 0, 0, 0], "texture": "#all_e"},
				"down": {"uv": [0, 0, 0, 0], "texture": "#all_e"}
			}
		},
		{
			"from": [3.5, 3.2, 4],
			"to": [4.5, 6.7, 4],
			"shade": false,
			"rotation": {"angle": 45, "axis": "y", "origin": [4, 8, 4], "rescale": true},
			"faces": {
				"north": {"uv": [1, 0, 3, 5], "texture": "#all_e"},
				"east": {"uv": [0, 0, 0, 0], "texture": "#all_e"},
				"south": {"uv": [13, 0, 15, 5], "texture": "#all_e"},
				"west": {"uv": [0, 0, 0, 0], "texture": "#all_e"},
				"up": {"uv": [0, 0, 0, 0], "texture": "#all_e"},
				"down": {"uv": [0, 0, 0, 0], "texture": "#all_e"}
			}
		},
		{
			"from": [4, 3.2, 3.5],
			"to": [4, 6.7, 4.5],
			"shade": false,
			"rotation": {"angle": 45, "axis": "y", "origin": [4, 8, 4], "rescale": true},
			"faces": {
				"north": {"uv": [0, 0, 0, 0], "texture": "#all_e"},
				"east": {"uv": [13, 0, 15, 5], "texture": "#all_e"},
				"south": {"uv": [0, 0, 0, 0], "texture": "#all_e"},
				"west": {"uv": [1, 0, 3, 5], "texture": "#all_e"},
				"up": {"uv": [0, 0, 0, 0], "texture": "#all_e"},
				"down": {"uv": [0, 0, 0, 0], "texture": "#all_e"}
			}
		},
		{
			"from": [9.5, 5.2, 6],
			"to": [10.5, 8.7, 6],
			"shade": false,
			"rotation": {"angle": 45, "axis": "y", "origin": [10, 8, 6], "rescale": true},
			"faces": {
				"north": {"uv": [1, 0, 3, 5], "texture": "#all_e"},
				"east": {"uv": [0, 0, 0, 0], "texture": "#all_e"},
				"south": {"uv": [13, 0, 15, 5], "texture": "#all_e"},
				"west": {"uv": [0, 0, 0, 0], "texture": "#all_e"},
				"up": {"uv": [0, 0, 0, 0], "texture": "#all_e"},
				"down": {"uv": [0, 0, 0, 0], "texture": "#all_e"}
			}
		},
		{
			"from": [10, 5.2, 5.5],
			"to": [10, 8.7, 6.5],
			"shade": false,
			"rotation": {"angle": 45, "axis": "y", "origin": [10, 8, 6], "rescale": true},
			"faces": {
				"north": {"uv": [0, 0, 0, 0], "texture": "#all_e"},
				"east": {"uv": [13, 0, 15, 5], "texture": "#all_e"},
				"south": {"uv": [0, 0, 0, 0], "texture": "#all_e"},
				"west": {"uv": [1, 0, 3, 5], "texture": "#all_e"},
				"up": {"uv": [0, 0, 0, 0], "texture": "#all_e"},
				"down": {"uv": [0, 0, 0, 0], "texture": "#all_e"}
			}
		}
	],
	"groups": [
		0,
		1,
		2,
		3,
		4,
		5,
		6,
		7,
		8,
		9,
		10,
		11,
		{
			"name": "group",
			"origin": [10, 8, 6],
			"color": 0,
			"children": [12, 13, 14, 15, 16, 17]
		}
	]
}