{
	"credit": "Created by Stridey",
	"textures": {
		"layer0": "#layer0",
		"particle": "#layer0"
	},
	"elements": [
		{
			"from": [0, 0, 0],
			"to": [16, 16, 16],
			"faces": {
				"north": {"uv": [0, 0, 16, 16], "rotation": 90, "texture": "#layer0", "cullface": "north"},
				"east": {"uv": [0, 0, 16, 16], "rotation": 90, "texture": "#layer0", "cullface": "east"},
				"south": {"uv": [0, 0, 16, 16], "rotation": 90, "texture": "#layer0", "cullface": "south"},
				"west": {"uv": [0, 0, 16, 16], "rotation": 90, "texture": "#layer0", "cullface": "west"},
				"up": {"uv": [0, 0, 16, 16], "rotation": 90, "texture": "#layer0", "cullface": "up"},
				"down": {"uv": [0, 0, 16, 16], "rotation": 90, "texture": "#layer0", "cullface": "down"}
			}
		}
	]
}