{
	"credit": "Created by Stridey",
	"textures": {
		"particle": "#left",
		"left": "#left",
		"right": "#right",
		"sides": "#sides"
	},
	"elements": [
		{
			"from": [0, 0, 0],
			"to": [3, 16, 16],
			"faces": {
				"north": {"uv": [6, 0, 9, 16], "texture": "#sides", "cullface": "north"},
				"east": {"uv": [0, 0, 16, 16], "texture": "#right"},
				"south": {"uv": [9, 0, 12, 16], "texture": "#sides", "cullface": "south"},
				"west": {"uv": [0, 0, 16, 16], "texture": "#left", "cullface": "west"},
				"up": {"uv": [13, 0, 16, 16], "rotation": 180, "texture": "#sides"}
			}
		}
	]
}