{
	"credit": "Created by Stridey",
	"parent": "block/thin_block",
	"textures": {
		"1": "block/acacia_trapdoor_sides",
		"particle": "block/acacia_trapdoor_north",
		"texture": "block/acacia_trapdoor_north"
	},
	"elements": [
		{
			"from": [0, 13, 0],
			"to": [16, 16, 16],
			"faces": {
				"north": {"uv": [0, 3, 16, 6], "texture": "#1", "cullface": "north"},
				"east": {"uv": [0, 0, 16, 3], "texture": "#1", "cullface": "east"},
				"south": {"uv": [0, 0, 16, 3], "texture": "#1", "cullface": "south"},
				"west": {"uv": [0, 0, 16, 3], "texture": "#1", "cullface": "west"},
				"up": {"uv": [0, 0, 16, 16], "texture": "#texture", "cullface": "up"},
				"down": {"uv": [0, 0, 16, 16], "rotation": 180, "texture": "#texture"}
			}
		}
	]
}