{
	"credit": "Created by Stridey",
	"textures": {
		"1": "block/acacia_fence"
	},
	"elements": [
		{
			"name": "top bar",
			"from": [7, 12, 0],
			"to": [9, 15, 9],
			"faces": {
				"north": {"uv": [7, 0, 9, 3], "texture": "#1", "cullface": "north"},
				"east": {"uv": [7, 0, 16, 3], "texture": "#1"},
				"south": {"uv": [7, 0, 9, 3], "texture": "#1"},
				"west": {"uv": [7, 0, 16, 3], "texture": "#1"},
				"up": {"uv": [1, 1, 2, 2], "texture": "#1"},
				"down": {"uv": [2, 15, 3, 16], "texture": "#1"}
			}
		},
		{
			"name": "top bar",
			"from": [7, 12, 7],
			"to": [9, 15, 16],
			"rotation": {"angle": 0, "axis": "y", "origin": [8, 8, 15]},
			"faces": {
				"north": {"uv": [7, 0, 9, 3], "texture": "#1", "cullface": "north"},
				"east": {"uv": [7, 0, 16, 3], "texture": "#1"},
				"south": {"uv": [7, 0, 9, 3], "texture": "#1"},
				"west": {"uv": [7, 0, 16, 3], "texture": "#1"},
				"up": {"uv": [1, 1, 2, 2], "texture": "#1"},
				"down": {"uv": [2, 15, 3, 16], "texture": "#1"}
			}
		},
		{
			"name": "lower bar",
			"from": [7, 6, 0],
			"to": [9, 9, 9],
			"faces": {
				"north": {"uv": [14, 4, 16, 7], "texture": "#1", "cullface": "north"},
				"east": {"uv": [7, 4, 16, 7], "texture": "#1"},
				"south": {"uv": [14, 4, 16, 7], "texture": "#1"},
				"west": {"uv": [7, 4, 16, 7], "texture": "#1"},
				"up": {"uv": [1, 1, 2, 2], "texture": "#1"},
				"down": {"uv": [2, 15, 3, 16], "texture": "#1"}
			}
		},
		{
			"name": "lower bar",
			"from": [7, 6, 7],
			"to": [9, 9, 16],
			"rotation": {"angle": 0, "axis": "y", "origin": [8, 8, 15]},
			"faces": {
				"north": {"uv": [14, 4, 16, 7], "texture": "#1", "cullface": "north"},
				"east": {"uv": [7, 4, 16, 7], "texture": "#1"},
				"south": {"uv": [14, 4, 16, 7], "texture": "#1"},
				"west": {"uv": [7, 4, 16, 7], "texture": "#1"},
				"up": {"uv": [1, 1, 2, 2], "texture": "#1"},
				"down": {"uv": [2, 15, 3, 16], "texture": "#1"}
			}
		},
		{
			"from": [6, 0, 6],
			"to": [10, 16, 10],
			"faces": {
				"north": {"uv": [0, 0, 4, 16], "texture": "#1"},
				"east": {"uv": [0, 0, 4, 16], "texture": "#1"},
				"south": {"uv": [0, 0, 4, 16], "texture": "#1"},
				"west": {"uv": [0, 0, 4, 16], "texture": "#1"},
				"up": {"uv": [12, 12, 16, 16], "texture": "#1"},
				"down": {"uv": [12, 12, 16, 16], "texture": "#1"}
			}
		}
	],
	"display": {
		"thirdperson_righthand": {
			"rotation": [75, 45, 0],
			"translation": [0, 2.5, 0],
			"scale": [0.375, 0.375, 0.375]
		},
		"thirdperson_lefthand": {
			"rotation": [75, 45, 0],
			"translation": [0, 2.5, 0],
			"scale": [0.375, 0.375, 0.375]
		},
		"firstperson_righthand": {
			"rotation": [0, 45, 0],
			"scale": [0.4, 0.4, 0.4]
		},
		"firstperson_lefthand": {
			"rotation": [0, 225, 0],
			"scale": [0.4, 0.4, 0.4]
		},
		"ground": {
			"translation": [0, 3, 0],
			"scale": [0.25, 0.25, 0.25]
		},
		"gui": {
			"rotation": [30, 135, 0],
			"scale": [0.625, 0.625, 0.625]
		},
		"fixed": {
			"rotation": [0, 90, 0],
			"scale": [0.5, 0.5, 0.5]
		}
	}
}