{
	"credit": "Created by Stridey",
	"textures": {
		"0": "block/activator_rail",
		"1": "block/activator_rail_on",
		"particle": "block/activator_rail"
	},
	"elements": [
		{
			"from": [2, 0, 0],
			"to": [4, 2, 16],
			"faces": {
				"north": {"uv": [12, 0, 14, 2], "texture": "#0", "cullface": "north"},
				"east": {"uv": [12, 0, 14, 16], "rotation": 270, "texture": "#0"},
				"south": {"uv": [12, 0, 14, 2], "rotation": 180, "texture": "#0", "cullface": "south"},
				"west": {"uv": [12, 0, 14, 16], "rotation": 270, "texture": "#0"},
				"up": {"uv": [12, 0, 14, 16], "rotation": 180, "texture": "#0"},
				"down": {"uv": [12, 0, 14, 16], "rotation": 180, "texture": "#0", "cullface": "down"}
			}
		},
		{
			"from": [12, 0, 0],
			"to": [14, 2, 16],
			"faces": {
				"north": {"uv": [2, 14, 4, 16], "texture": "#0", "cullface": "north"},
				"east": {"uv": [2, 0, 4, 16], "rotation": 90, "texture": "#0"},
				"south": {"uv": [2, 14, 4, 16], "rotation": 180, "texture": "#0", "cullface": "south"},
				"west": {"uv": [2, 0, 4, 16], "rotation": 90, "texture": "#0"},
				"up": {"uv": [2, 0, 4, 16], "rotation": 180, "texture": "#0"},
				"down": {"uv": [2, 0, 4, 16], "rotation": 180, "texture": "#0", "cullface": "down"}
			}
		},
		{
			"from": [0, 1, 0],
			"to": [16, 1, 16],
			"faces": {
				"up": {"uv": [0, 0, 16, 16], "texture": "#1"},
				"down": {"uv": [0, 0, 16, 16], "rotation": 180, "texture": "#1", "cullface": "down"}
			}
		}
	]
}