{
	"credit": "Created by Stridey",
	"textures": {
		"particle": "block/birch_trapdoor_north",
		"texture": "block/birch_trapdoor_north"
	},
	"elements": [
		{
			"from": [0, 0, 13],
			"to": [16, 16, 16],
			"faces": {
				"north": {"uv": [0, 0, 16, 16], "texture": "#texture"},
				"east": {"uv": [13, 0, 16, 16], "texture": "#texture", "cullface": "east"},
				"south": {"uv": [0, 0, 16, 16], "texture": "#texture", "cullface": "south"},
				"west": {"uv": [16, 0, 13, 16], "texture": "#texture", "cullface": "west"},
				"up": {"uv": [0, 16, 16, 13], "texture": "#texture", "cullface": "up"},
				"down": {"uv": [0, 13, 16, 16], "texture": "#texture", "cullface": "down"}
			}
		}
	]
}