{
	"credit": "Created by Stridey",
	"textures": {
		"particle": "#texture"
	},
	"elements": [
		{
			"from": [6.025, -1, 5.025],
			"to": [9.975, 1, 10.975],
			"rotation": {"angle": 0, "axis": "y", "origin": [8, 1, 8]},
			"faces": {
				"north": {"uv": [6, 14, 10, 16], "texture": "#texture"},
				"east": {"uv": [5, 14, 11, 16], "texture": "#texture"},
				"south": {"uv": [6, 14, 10, 16], "texture": "#texture"},
				"west": {"uv": [5, 14, 11, 16], "texture": "#texture"},
				"up": {"uv": [11, 10, 5, 6], "rotation": 270, "texture": "#texture"},
				"down": {"uv": [5, 10, 11, 6], "rotation": 90, "texture": "#texture", "cullface": "down"}
			}
		}
	]
}