{
	"credit": "Created by Stridey",
	"textures": {
		"particle": "#texture"
	},
	"elements": [
		{
			"from": [5.025, -1, 6.025],
			"to": [10.975, 1, 9.975],
			"rotation": {"angle": 0, "axis": "y", "origin": [8, 9, 8]},
			"faces": {
				"north": {"uv": [5, 14, 11, 16], "texture": "#texture"},
				"east": {"uv": [6, 14, 10, 16], "texture": "#texture"},
				"south": {"uv": [5, 14, 11, 16], "texture": "#texture"},
				"west": {"uv": [6, 14, 10, 16], "texture": "#texture"},
				"up": {"uv": [5, 10, 11, 6], "texture": "#texture"},
				"down": {"uv": [5, 10, 11, 6], "texture": "#texture", "cullface": "down"}
			}
		}
	]
}