{
	"credit": "Created by Stridey",
	"ambientocclusion": false,
	"textures": {
		"particle": "#cross"
	},
	"elements": [
		{
			"name": "cross",
			"from": [2, 0, 7],
			"to": [14, 16, 7],
			"shade": false,
			"rotation": {"angle": 45, "axis": "y", "origin": [9, 8, 7], "rescale": true},
			"faces": {
				"north": {"uv": [0, 0, 16, 16], "texture": "#cross"},
				"south": {"uv": [0, 0, 16, 16], "texture": "#cross"}
			}
		},
		{
			"name": "cross",
			"from": [0, 0, 11],
			"to": [0, 16, 23],
			"shade": false,
			"rotation": {"angle": 45, "axis": "y", "origin": [-9, 0, 9], "rescale": true},
			"faces": {
				"east": {"uv": [0, 0, 16, 16], "texture": "#cross"},
				"west": {"uv": [0, 0, 16, 16], "texture": "#cross"}
			}
		}
	]
}