{
	"credit": "Created by Stridey",
	"textures": {
		"particle": "#texture"
	},
	"elements": [
		{
			"name": "Center post",
			"from": [6, 0, 6],
			"to": [10, 16, 10],
			"faces": {
				"north": {"uv": [0, 0, 4, 16], "texture": "#texture"},
				"east": {"uv": [0, 0, 4, 16], "texture": "#texture"},
				"south": {"uv": [0, 0, 4, 16], "texture": "#texture"},
				"west": {"uv": [0, 0, 4, 16], "texture": "#texture"},
				"up": {"uv": [12, 12, 16, 16], "texture": "#texture", "cullface": "up"},
				"down": {"uv": [12, 12, 16, 16], "texture": "#texture", "cullface": "down"}
			}
		}
	]
}