{
	"credit": "Created by Stridey",
	"textures": {
		"dirt_base": "block/grass_block_side",
		"side_snowy": "block/snow_layer",
		"particle": "block/dirt",
		"dirt": "block/dirt",
		"top": "block/grass_block_top",
		"top_snowy": "block/grass_block_snow_top_overlay",
		"side_grass": "block/grass_block_side_snow_grass_overlay"
	},
	"elements": [
		{
			"name": "snow",
			"from": [0, 0, 0],
			"to": [16, 16, 16],
			"faces": {
				"north": {"uv": [0, 0, 16, 16], "texture": "#side_snowy", "cullface": "north"},
				"east": {"uv": [0, 0, 16, 16], "texture": "#side_snowy", "cullface": "east"},
				"south": {"uv": [0, 0, 16, 16], "texture": "#side_snowy", "cullface": "south"},
				"west": {"uv": [0, 0, 16, 16], "texture": "#side_snowy", "cullface": "west"},
				"up": {"uv": [0, 0, 16, 16], "texture": "#top_snowy", "cullface": "up"}
			}
		},
		{
			"name": "grass",
			"from": [0, 0, 0],
			"to": [16, 16, 16],
			"faces": {
				"north": {"uv": [0, 0, 16, 16], "texture": "#side_grass", "cullface": "north", "tintindex": 0},
				"east": {"uv": [0, 0, 16, 16], "texture": "#side_grass", "cullface": "east", "tintindex": 0},
				"south": {"uv": [0, 0, 16, 16], "texture": "#side_grass", "cullface": "south", "tintindex": 0},
				"west": {"uv": [0, 0, 16, 16], "texture": "#side_grass", "cullface": "west", "tintindex": 0},
				"up": {"uv": [0, 0, 16, 16], "texture": "#top", "cullface": "up", "tintindex": 0}
			}
		},
		{
			"name": "dirt",
			"from": [0, 0, 0],
			"to": [16, 16, 16],
			"faces": {
				"north": {"uv": [0, 0, 16, 16], "texture": "#dirt_base", "cullface": "north"},
				"east": {"uv": [0, 0, 16, 16], "texture": "#dirt_base", "cullface": "east"},
				"south": {"uv": [0, 0, 16, 16], "texture": "#dirt_base", "cullface": "south"},
				"west": {"uv": [0, 0, 16, 16], "texture": "#dirt_base", "cullface": "west"},
				"down": {"uv": [0, 0, 16, 16], "texture": "#dirt", "cullface": "down"}
			}
		}
	]
}