{
    "parent": "item/template_skull",
    "display": {
        "gui": {
            "translation": [ -2, 2, 0 ],
            "rotation": [ 30, 45, 0 ],
            "scale": [ 0.6, 0.6, 0.6 ]
        },
        "thirdperson_righthand": {
            "rotation": [ 75, 225, 0 ],
            "translation": [ 1, 2.5, 2],
            "scale": [ 0.5, 0.5, 0.5 ]
        },
        "firstperson_righthand": {
            "rotation": [ 0, -45, 0 ],
            "translation": [ 0, 3, 0],
            "scale": [ 0.35, 0.35, 0.35 ]
        }
    }
}